architecture,training_resolution,evaluation_resolution,seed,protocol,k_norm,target_normalized_residual_energy_mean,target_normalized_residual_energy_std,target_normalized_residual_energy_se,n_test_samples,record_type,band,k_norm_left,k_norm_right,target_normalized_residual_energy,curve_total_target_normalized_residual_energy,fraction_of_residual_profile_total,n_bins_total,denominator
Corrected standard FNO,32,256,1,fixed-val128,0.00694444444444,0.00547669506075,,,1000,radial_profile_bin,,,,,,,,
Corrected standard FNO,32,256,1,fixed-val128,0.0208333333333,0.00109454835809,,,1000,radial_profile_bin,,,,,,,,
Corrected standard FNO,32,256,1,fixed-val128,0.0347222222222,0.000286074216598,,,1000,radial_profile_bin,,,,,,,,
Corrected standard FNO,32,256,1,fixed-val128,0.0486111111111,0.000155689181649,,,1000,radial_profile_bin,,,,,,,,
Corrected standard FNO,32,256,1,fixed-val128,0.0625,9.99725217984e-05,,,1000,radial_profile_bin,,,,,,,,
Corrected standard FNO,32,256,1,fixed-val128,0.0763888888889,0.000147089570305,,,1000,radial_profile_bin,,,,,,,,
Corrected standard FNO,32,256,1,fixed-val128,0.0902777777778,0.000162918287171,,,1000,radial_profile_bin,,,,,,,,
Corrected standard FNO,32,256,1,fixed-val128,0.104166666667,0.000184696589344,,,1000,radial_profile_bin,,,,,,,,
Corrected standard FNO,32,256,1,fixed-val128,0.118055555556,9.74021882262e-05,,,1000,radial_profile_bin,,,,,,,,
Corrected standard FNO,32,256,1,fixed-val128,0.131944444444,0.000157671858265,,,1000,radial_profile_bin,,,,,,,,
Corrected standard FNO,32,256,1,fixed-val128,0.145833333333,0.000133278849544,,,1000,radial_profile_bin,,,,,,,,
Corrected standard FNO,32,256,1,fixed-val128,0.159722222222,9.33853144646e-05,,,1000,radial_profile_bin,,,,,,,,
Corrected standard FNO,32,256,1,fixed-val128,0.173611111111,5.56867004833e-05,,,1000,radial_profile_bin,,,,,,,,
Corrected standard FNO,32,256,1,fixed-val128,0.1875,2.17343374e-05,,,1000,radial_profile_bin,,,,,,,,
Corrected standard FNO,32,256,1,fixed-val128,0.201388888889,3.0254138769e-05,,,1000,radial_profile_bin,,,,,,,,
Corrected standard FNO,32,256,1,fixed-val128,0.215277777778,1.98448033613e-05,,,1000,radial_profile_bin,,,,,,,,
Corrected standard FNO,32,256,1,fixed-val128,0.229166666667,1.48858153326e-05,,,1000,radial_profile_bin,,,,,,,,
Corrected standard FNO,32,256,1,fixed-val128,0.243055555556,7.54474992368e-06,,,1000,radial_profile_bin,,,,,,,,
Corrected standard FNO,32,256,1,fixed-val128,0.256944444444,6.88316821509e-06,,,1000,radial_profile_bin,,,,,,,,
Corrected standard FNO,32,256,1,fixed-val128,0.270833333333,4.23007886504e-06,,,1000,radial_profile_bin,,,,,,,,
Corrected standard FNO,32,256,1,fixed-val128,0.284722222222,3.04085946635e-06,,,1000,radial_profile_bin,,,,,,,,
Corrected standard FNO,32,256,1,fixed-val128,0.298611111111,2.361778391e-06,,,1000,radial_profile_bin,,,,,,,,
Corrected standard FNO,32,256,1,fixed-val128,0.3125,1.25812814331e-06,,,1000,radial_profile_bin,,,,,,,,
Corrected standard FNO,32,256,1,fixed-val128,0.326388888889,1.74160090814e-06,,,1000,radial_profile_bin,,,,,,,,
Corrected standard FNO,32,256,1,fixed-val128,0.340277777778,1.46098440711e-06,,,1000,radial_profile_bin,,,,,,,,
Corrected standard FNO,32,256,1,fixed-val128,0.354166666667,1.16814513062e-06,,,1000,radial_profile_bin,,,,,,,,
Corrected standard FNO,32,256,1,fixed-val128,0.368055555556,6.23391233251e-07,,,1000,radial_profile_bin,,,,,,,,
Corrected standard FNO,32,256,1,fixed-val128,0.381944444444,9.05820603181e-07,,,1000,radial_profile_bin,,,,,,,,
Corrected standard FNO,32,256,1,fixed-val128,0.395833333333,7.56238535655e-07,,,1000,radial_profile_bin,,,,,,,,
Corrected standard FNO,32,256,1,fixed-val128,0.409722222222,6.5261892985e-07,,,1000,radial_profile_bin,,,,,,,,
Corrected standard FNO,32,256,1,fixed-val128,0.423611111111,5.80678057475e-07,,,1000,radial_profile_bin,,,,,,,,
Corrected standard FNO,32,256,1,fixed-val128,0.4375,3.55870006845e-07,,,1000,radial_profile_bin,,,,,,,,
Corrected standard FNO,32,256,1,fixed-val128,0.451388888889,5.05033343248e-07,,,1000,radial_profile_bin,,,,,,,,
Corrected standard FNO,32,256,1,fixed-val128,0.465277777778,4.90972397668e-07,,,1000,radial_profile_bin,,,,,,,,
Corrected standard FNO,32,256,1,fixed-val128,0.479166666667,4.55448134261e-07,,,1000,radial_profile_bin,,,,,,,,
Corrected standard FNO,32,256,1,fixed-val128,0.493055555556,2.79041641808e-07,,,1000,radial_profile_bin,,,,,,,,
Corrected standard FNO,32,256,1,fixed-val128,0.506944444444,4.32166485489e-07,,,1000,radial_profile_bin,,,,,,,,
Corrected standard FNO,32,256,1,fixed-val128,0.520833333333,4.21255490088e-07,,,1000,radial_profile_bin,,,,,,,,
Corrected standard FNO,32,256,1,fixed-val128,0.534722222222,4.07427112721e-07,,,1000,radial_profile_bin,,,,,,,,
Corrected standard FNO,32,256,1,fixed-val128,0.548611111111,3.97842882643e-07,,,1000,radial_profile_bin,,,,,,,,
Corrected standard FNO,32,256,1,fixed-val128,0.5625,2.44451082564e-07,,,1000,radial_profile_bin,,,,,,,,
Corrected standard FNO,32,256,1,fixed-val128,0.576388888889,3.93242056801e-07,,,1000,radial_profile_bin,,,,,,,,
Corrected standard FNO,32,256,1,fixed-val128,0.590277777778,3.89857262887e-07,,,1000,radial_profile_bin,,,,,,,,
Corrected standard FNO,32,256,1,fixed-val128,0.604166666667,3.84079682909e-07,,,1000,radial_profile_bin,,,,,,,,
Corrected standard FNO,32,256,1,fixed-val128,0.618055555556,2.22739929087e-07,,,1000,radial_profile_bin,,,,,,,,
Corrected standard FNO,32,256,1,fixed-val128,0.631944444444,3.82935171805e-07,,,1000,radial_profile_bin,,,,,,,,
Corrected standard FNO,32,256,1,fixed-val128,0.645833333333,3.80734596068e-07,,,1000,radial_profile_bin,,,,,,,,
Corrected standard FNO,32,256,1,fixed-val128,0.659722222222,3.75570774799e-07,,,1000,radial_profile_bin,,,,,,,,
Corrected standard FNO,32,256,1,fixed-val128,0.673611111111,3.70799175281e-07,,,1000,radial_profile_bin,,,,,,,,
Corrected standard FNO,32,256,1,fixed-val128,0.6875,2.09750775456e-07,,,1000,radial_profile_bin,,,,,,,,
Corrected standard FNO,32,256,1,fixed-val128,0.701388888889,3.67345974346e-07,,,1000,radial_profile_bin,,,,,,,,
Corrected standard FNO,32,256,1,fixed-val128,0.715277777778,3.65812684907e-07,,,1000,radial_profile_bin,,,,,,,,
Corrected standard FNO,32,256,1,fixed-val128,0.729166666667,3.6098704501e-07,,,1000,radial_profile_bin,,,,,,,,
Corrected standard FNO,32,256,1,fixed-val128,0.743055555556,1.96044493609e-07,,,1000,radial_profile_bin,,,,,,,,
Corrected standard FNO,32,256,1,fixed-val128,0.756944444444,3.60155998405e-07,,,1000,radial_profile_bin,,,,,,,,
Corrected standard FNO,32,256,1,fixed-val128,0.770833333333,3.55884590194e-07,,,1000,radial_profile_bin,,,,,,,,
Corrected standard FNO,32,256,1,fixed-val128,0.784722222222,3.53020899306e-07,,,1000,radial_profile_bin,,,,,,,,
Corrected standard FNO,32,256,1,fixed-val128,0.798611111111,3.47407687089e-07,,,1000,radial_profile_bin,,,,,,,,
Corrected standard FNO,32,256,1,fixed-val128,0.8125,1.91037213133e-07,,,1000,radial_profile_bin,,,,,,,,
Corrected standard FNO,32,256,1,fixed-val128,0.826388888889,3.49643655144e-07,,,1000,radial_profile_bin,,,,,,,,
Corrected standard FNO,32,256,1,fixed-val128,0.840277777778,3.51501236058e-07,,,1000,radial_profile_bin,,,,,,,,
Corrected standard FNO,32,256,1,fixed-val128,0.854166666667,3.61429418314e-07,,,1000,radial_profile_bin,,,,,,,,
Corrected standard FNO,32,256,1,fixed-val128,0.868055555556,2.04308192327e-07,,,1000,radial_profile_bin,,,,,,,,
Corrected standard FNO,32,256,1,fixed-val128,0.881944444444,3.75235004807e-07,,,1000,radial_profile_bin,,,,,,,,
Corrected standard FNO,32,256,1,fixed-val128,0.895833333333,3.87830556734e-07,,,1000,radial_profile_bin,,,,,,,,
Corrected standard FNO,32,256,1,fixed-val128,0.909722222222,5.03152183129e-07,,,1000,radial_profile_bin,,,,,,,,
Corrected standard FNO,32,256,1,fixed-val128,0.923611111111,7.2247881643e-07,,,1000,radial_profile_bin,,,,,,,,
Corrected standard FNO,32,256,1,fixed-val128,0.9375,6.87998077842e-07,,,1000,radial_profile_bin,,,,,,,,
Corrected standard FNO,32,256,1,fixed-val128,0.951388888889,8.52052251555e-07,,,1000,radial_profile_bin,,,,,,,,
Corrected standard FNO,32,256,1,fixed-val128,0.965277777778,1.06123809563e-06,,,1000,radial_profile_bin,,,,,,,,
Corrected standard FNO,32,256,1,fixed-val128,0.979166666667,1.63399097748e-06,,,1000,radial_profile_bin,,,,,,,,
Corrected standard FNO,32,256,1,fixed-val128,0.993055555556,5.19740288276e-06,,,1000,radial_profile_bin,,,,,,,,
Corrected standard FNO,64,256,1,fixed-val128,0.00694444444444,0.00379785158137,,,1000,radial_profile_bin,,,,,,,,
Corrected standard FNO,64,256,1,fixed-val128,0.0208333333333,0.000698727981112,,,1000,radial_profile_bin,,,,,,,,
Corrected standard FNO,64,256,1,fixed-val128,0.0347222222222,0.000195096881299,,,1000,radial_profile_bin,,,,,,,,
Corrected standard FNO,64,256,1,fixed-val128,0.0486111111111,8.78818646363e-05,,,1000,radial_profile_bin,,,,,,,,
Corrected standard FNO,64,256,1,fixed-val128,0.0625,4.61758355885e-05,,,1000,radial_profile_bin,,,,,,,,
Corrected standard FNO,64,256,1,fixed-val128,0.0763888888889,5.15207182489e-05,,,1000,radial_profile_bin,,,,,,,,
Corrected standard FNO,64,256,1,fixed-val128,0.0902777777778,3.44349532472e-05,,,1000,radial_profile_bin,,,,,,,,
Corrected standard FNO,64,256,1,fixed-val128,0.104166666667,2.68266759661e-05,,,1000,radial_profile_bin,,,,,,,,
Corrected standard FNO,64,256,1,fixed-val128,0.118055555556,1.76712497212e-05,,,1000,radial_profile_bin,,,,,,,,
Corrected standard FNO,64,256,1,fixed-val128,0.131944444444,1.79042550497e-05,,,1000,radial_profile_bin,,,,,,,,
Corrected standard FNO,64,256,1,fixed-val128,0.145833333333,1.32960206502e-05,,,1000,radial_profile_bin,,,,,,,,
Corrected standard FNO,64,256,1,fixed-val128,0.159722222222,1.05759197223e-05,,,1000,radial_profile_bin,,,,,,,,
Corrected standard FNO,64,256,1,fixed-val128,0.173611111111,8.08421028494e-06,,,1000,radial_profile_bin,,,,,,,,
Corrected standard FNO,64,256,1,fixed-val128,0.1875,4.69297929345e-06,,,1000,radial_profile_bin,,,,,,,,
Corrected standard FNO,64,256,1,fixed-val128,0.201388888889,6.15642925227e-06,,,1000,radial_profile_bin,,,,,,,,
Corrected standard FNO,64,256,1,fixed-val128,0.215277777778,5.55920404984e-06,,,1000,radial_profile_bin,,,,,,,,
Corrected standard FNO,64,256,1,fixed-val128,0.229166666667,5.29751558347e-06,,,1000,radial_profile_bin,,,,,,,,
Corrected standard FNO,64,256,1,fixed-val128,0.243055555556,3.02810303051e-06,,,1000,radial_profile_bin,,,,,,,,
Corrected standard FNO,64,256,1,fixed-val128,0.256944444444,4.65259518868e-06,,,1000,radial_profile_bin,,,,,,,,
Corrected standard FNO,64,256,1,fixed-val128,0.270833333333,3.81705322872e-06,,,1000,radial_profile_bin,,,,,,,,
Corrected standard FNO,64,256,1,fixed-val128,0.284722222222,2.85806832896e-06,,,1000,radial_profile_bin,,,,,,,,
Corrected standard FNO,64,256,1,fixed-val128,0.298611111111,2.17768410658e-06,,,1000,radial_profile_bin,,,,,,,,
Corrected standard FNO,64,256,1,fixed-val128,0.3125,1.04987083134e-06,,,1000,radial_profile_bin,,,,,,,,
Corrected standard FNO,64,256,1,fixed-val128,0.326388888889,1.48261785196e-06,,,1000,radial_profile_bin,,,,,,,,
Corrected standard FNO,64,256,1,fixed-val128,0.340277777778,1.18962048585e-06,,,1000,radial_profile_bin,,,,,,,,
Corrected standard FNO,64,256,1,fixed-val128,0.354166666667,9.78388723767e-07,,,1000,radial_profile_bin,,,,,,,,
Corrected standard FNO,64,256,1,fixed-val128,0.368055555556,4.89393544187e-07,,,1000,radial_profile_bin,,,,,,,,
Corrected standard FNO,64,256,1,fixed-val128,0.381944444444,7.55536615722e-07,,,1000,radial_profile_bin,,,,,,,,
Corrected standard FNO,64,256,1,fixed-val128,0.395833333333,6.30812141824e-07,,,1000,radial_profile_bin,,,,,,,,
Corrected standard FNO,64,256,1,fixed-val128,0.409722222222,5.34604896981e-07,,,1000,radial_profile_bin,,,,,,,,
Corrected standard FNO,64,256,1,fixed-val128,0.423611111111,4.65674748944e-07,,,1000,radial_profile_bin,,,,,,,,
Corrected standard FNO,64,256,1,fixed-val128,0.4375,2.59577987209e-07,,,1000,radial_profile_bin,,,,,,,,
Corrected standard FNO,64,256,1,fixed-val128,0.451388888889,4.03193450129e-07,,,1000,radial_profile_bin,,,,,,,,
Corrected standard FNO,64,256,1,fixed-val128,0.465277777778,3.82501318131e-07,,,1000,radial_profile_bin,,,,,,,,
Corrected standard FNO,64,256,1,fixed-val128,0.479166666667,3.59616212522e-07,,,1000,radial_profile_bin,,,,,,,,
Corrected standard FNO,64,256,1,fixed-val128,0.493055555556,2.04854341898e-07,,,1000,radial_profile_bin,,,,,,,,
Corrected standard FNO,64,256,1,fixed-val128,0.506944444444,3.48614960831e-07,,,1000,radial_profile_bin,,,,,,,,
Corrected standard FNO,64,256,1,fixed-val128,0.520833333333,3.43288281979e-07,,,1000,radial_profile_bin,,,,,,,,
Corrected standard FNO,64,256,1,fixed-val128,0.534722222222,3.37736042762e-07,,,1000,radial_profile_bin,,,,,,,,
Corrected standard FNO,64,256,1,fixed-val128,0.548611111111,3.33220028874e-07,,,1000,radial_profile_bin,,,,,,,,
Corrected standard FNO,64,256,1,fixed-val128,0.5625,1.91973403769e-07,,,1000,radial_profile_bin,,,,,,,,
Corrected standard FNO,64,256,1,fixed-val128,0.576388888889,3.34154654747e-07,,,1000,radial_profile_bin,,,,,,,,
Corrected standard FNO,64,256,1,fixed-val128,0.590277777778,3.34003579988e-07,,,1000,radial_profile_bin,,,,,,,,
Corrected standard FNO,64,256,1,fixed-val128,0.604166666667,3.31703922224e-07,,,1000,radial_profile_bin,,,,,,,,
Corrected standard FNO,64,256,1,fixed-val128,0.618055555556,1.83234583945e-07,,,1000,radial_profile_bin,,,,,,,,
Corrected standard FNO,64,256,1,fixed-val128,0.631944444444,3.34643444998e-07,,,1000,radial_profile_bin,,,,,,,,
Corrected standard FNO,64,256,1,fixed-val128,0.645833333333,3.34299849183e-07,,,1000,radial_profile_bin,,,,,,,,
Corrected standard FNO,64,256,1,fixed-val128,0.659722222222,3.32635347979e-07,,,1000,radial_profile_bin,,,,,,,,
Corrected standard FNO,64,256,1,fixed-val128,0.673611111111,3.30228423485e-07,,,1000,radial_profile_bin,,,,,,,,
Corrected standard FNO,64,256,1,fixed-val128,0.6875,1.79954508257e-07,,,1000,radial_profile_bin,,,,,,,,
Corrected standard FNO,64,256,1,fixed-val128,0.701388888889,3.30300227404e-07,,,1000,radial_profile_bin,,,,,,,,
Corrected standard FNO,64,256,1,fixed-val128,0.715277777778,3.29927421876e-07,,,1000,radial_profile_bin,,,,,,,,
Corrected standard FNO,64,256,1,fixed-val128,0.729166666667,3.27369869326e-07,,,1000,radial_profile_bin,,,,,,,,
Corrected standard FNO,64,256,1,fixed-val128,0.743055555556,1.73708526909e-07,,,1000,radial_profile_bin,,,,,,,,
Corrected standard FNO,64,256,1,fixed-val128,0.756944444444,3.29059652467e-07,,,1000,radial_profile_bin,,,,,,,,
Corrected standard FNO,64,256,1,fixed-val128,0.770833333333,3.27383700091e-07,,,1000,radial_profile_bin,,,,,,,,
Corrected standard FNO,64,256,1,fixed-val128,0.784722222222,3.2696056651e-07,,,1000,radial_profile_bin,,,,,,,,
Corrected standard FNO,64,256,1,fixed-val128,0.798611111111,3.25181013034e-07,,,1000,radial_profile_bin,,,,,,,,
Corrected standard FNO,64,256,1,fixed-val128,0.8125,1.79298088576e-07,,,1000,radial_profile_bin,,,,,,,,
Corrected standard FNO,64,256,1,fixed-val128,0.826388888889,3.30863833198e-07,,,1000,radial_profile_bin,,,,,,,,
Corrected standard FNO,64,256,1,fixed-val128,0.840277777778,3.40572925874e-07,,,1000,radial_profile_bin,,,,,,,,
Corrected standard FNO,64,256,1,fixed-val128,0.854166666667,3.53731763158e-07,,,1000,radial_profile_bin,,,,,,,,
Corrected standard FNO,64,256,1,fixed-val128,0.868055555556,1.99060597479e-07,,,1000,radial_profile_bin,,,,,,,,
Corrected standard FNO,64,256,1,fixed-val128,0.881944444444,3.70846218269e-07,,,1000,radial_profile_bin,,,,,,,,
Corrected standard FNO,64,256,1,fixed-val128,0.895833333333,3.80008308539e-07,,,1000,radial_profile_bin,,,,,,,,
Corrected standard FNO,64,256,1,fixed-val128,0.909722222222,5.21328875697e-07,,,1000,radial_profile_bin,,,,,,,,
Corrected standard FNO,64,256,1,fixed-val128,0.923611111111,1.02899887752e-06,,,1000,radial_profile_bin,,,,,,,,
Corrected standard FNO,64,256,1,fixed-val128,0.9375,7.7311609626e-07,,,1000,radial_profile_bin,,,,,,,,
Corrected standard FNO,64,256,1,fixed-val128,0.951388888889,8.03449716274e-07,,,1000,radial_profile_bin,,,,,,,,
Corrected standard FNO,64,256,1,fixed-val128,0.965277777778,9.01746908198e-07,,,1000,radial_profile_bin,,,,,,,,
Corrected standard FNO,64,256,1,fixed-val128,0.979166666667,1.5651561942e-06,,,1000,radial_profile_bin,,,,,,,,
Corrected standard FNO,64,256,1,fixed-val128,0.993055555556,4.39857393172e-06,,,1000,radial_profile_bin,,,,,,,,
Corrected standard FNO,128,256,1,fixed-val128,0.00694444444444,0.00378252440717,,,1000,radial_profile_bin,,,,,,,,
Corrected standard FNO,128,256,1,fixed-val128,0.0208333333333,0.000670668125016,,,1000,radial_profile_bin,,,,,,,,
Corrected standard FNO,128,256,1,fixed-val128,0.0347222222222,0.000164250848791,,,1000,radial_profile_bin,,,,,,,,
Corrected standard FNO,128,256,1,fixed-val128,0.0486111111111,8.10152141454e-05,,,1000,radial_profile_bin,,,,,,,,
Corrected standard FNO,128,256,1,fixed-val128,0.0625,4.50095116242e-05,,,1000,radial_profile_bin,,,,,,,,
Corrected standard FNO,128,256,1,fixed-val128,0.0763888888889,5.49741630611e-05,,,1000,radial_profile_bin,,,,,,,,
Corrected standard FNO,128,256,1,fixed-val128,0.0902777777778,4.09817361453e-05,,,1000,radial_profile_bin,,,,,,,,
Corrected standard FNO,128,256,1,fixed-val128,0.104166666667,2.64162521767e-05,,,1000,radial_profile_bin,,,,,,,,
Corrected standard FNO,128,256,1,fixed-val128,0.118055555556,1.72217221813e-05,,,1000,radial_profile_bin,,,,,,,,
Corrected standard FNO,128,256,1,fixed-val128,0.131944444444,1.73958133556e-05,,,1000,radial_profile_bin,,,,,,,,
Corrected standard FNO,128,256,1,fixed-val128,0.145833333333,1.31410703259e-05,,,1000,radial_profile_bin,,,,,,,,
Corrected standard FNO,128,256,1,fixed-val128,0.159722222222,1.05945811073e-05,,,1000,radial_profile_bin,,,,,,,,
Corrected standard FNO,128,256,1,fixed-val128,0.173611111111,7.30121762676e-06,,,1000,radial_profile_bin,,,,,,,,
Corrected standard FNO,128,256,1,fixed-val128,0.1875,4.36065535858e-06,,,1000,radial_profile_bin,,,,,,,,
Corrected standard FNO,128,256,1,fixed-val128,0.201388888889,4.16237456455e-06,,,1000,radial_profile_bin,,,,,,,,
Corrected standard FNO,128,256,1,fixed-val128,0.215277777778,3.4365907937e-06,,,1000,radial_profile_bin,,,,,,,,
Corrected standard FNO,128,256,1,fixed-val128,0.229166666667,2.84293642733e-06,,,1000,radial_profile_bin,,,,,,,,
Corrected standard FNO,128,256,1,fixed-val128,0.243055555556,1.57745301608e-06,,,1000,radial_profile_bin,,,,,,,,
Corrected standard FNO,128,256,1,fixed-val128,0.256944444444,1.55219540391e-06,,,1000,radial_profile_bin,,,,,,,,
Corrected standard FNO,128,256,1,fixed-val128,0.270833333333,1.24655874019e-06,,,1000,radial_profile_bin,,,,,,,,
Corrected standard FNO,128,256,1,fixed-val128,0.284722222222,9.78119245173e-07,,,1000,radial_profile_bin,,,,,,,,
Corrected standard FNO,128,256,1,fixed-val128,0.298611111111,8.95070501742e-07,,,1000,radial_profile_bin,,,,,,,,
Corrected standard FNO,128,256,1,fixed-val128,0.3125,6.22619521332e-07,,,1000,radial_profile_bin,,,,,,,,
Corrected standard FNO,128,256,1,fixed-val128,0.326388888889,6.72153527523e-07,,,1000,radial_profile_bin,,,,,,,,
Corrected standard FNO,128,256,1,fixed-val128,0.340277777778,6.41696068386e-07,,,1000,radial_profile_bin,,,,,,,,
Corrected standard FNO,128,256,1,fixed-val128,0.354166666667,5.66186505089e-07,,,1000,radial_profile_bin,,,,,,,,
Corrected standard FNO,128,256,1,fixed-val128,0.368055555556,3.24464807501e-07,,,1000,radial_profile_bin,,,,,,,,
Corrected standard FNO,128,256,1,fixed-val128,0.381944444444,5.01493957572e-07,,,1000,radial_profile_bin,,,,,,,,
Corrected standard FNO,128,256,1,fixed-val128,0.395833333333,4.54682854118e-07,,,1000,radial_profile_bin,,,,,,,,
Corrected standard FNO,128,256,1,fixed-val128,0.409722222222,4.10765242229e-07,,,1000,radial_profile_bin,,,,,,,,
Corrected standard FNO,128,256,1,fixed-val128,0.423611111111,3.81853876074e-07,,,1000,radial_profile_bin,,,,,,,,
Corrected standard FNO,128,256,1,fixed-val128,0.4375,2.24593878392e-07,,,1000,radial_profile_bin,,,,,,,,
Corrected standard FNO,128,256,1,fixed-val128,0.451388888889,3.53129583999e-07,,,1000,radial_profile_bin,,,,,,,,
Corrected standard FNO,128,256,1,fixed-val128,0.465277777778,3.46629869249e-07,,,1000,radial_profile_bin,,,,,,,,
Corrected standard FNO,128,256,1,fixed-val128,0.479166666667,3.31508932186e-07,,,1000,radial_profile_bin,,,,,,,,
Corrected standard FNO,128,256,1,fixed-val128,0.493055555556,1.89560661487e-07,,,1000,radial_profile_bin,,,,,,,,
Corrected standard FNO,128,256,1,fixed-val128,0.506944444444,3.25790768689e-07,,,1000,radial_profile_bin,,,,,,,,
Corrected standard FNO,128,256,1,fixed-val128,0.520833333333,3.22843768088e-07,,,1000,radial_profile_bin,,,,,,,,
Corrected standard FNO,128,256,1,fixed-val128,0.534722222222,3.19195043839e-07,,,1000,radial_profile_bin,,,,,,,,
Corrected standard FNO,128,256,1,fixed-val128,0.548611111111,3.15540330681e-07,,,1000,radial_profile_bin,,,,,,,,
Corrected standard FNO,128,256,1,fixed-val128,0.5625,1.80293523649e-07,,,1000,radial_profile_bin,,,,,,,,
Corrected standard FNO,128,256,1,fixed-val128,0.576388888889,3.1740175344e-07,,,1000,radial_profile_bin,,,,,,,,
Corrected standard FNO,128,256,1,fixed-val128,0.590277777778,3.18148023955e-07,,,1000,radial_profile_bin,,,,,,,,
Corrected standard FNO,128,256,1,fixed-val128,0.604166666667,3.16463251683e-07,,,1000,radial_profile_bin,,,,,,,,
Corrected standard FNO,128,256,1,fixed-val128,0.618055555556,1.73833602803e-07,,,1000,radial_profile_bin,,,,,,,,
Corrected standard FNO,128,256,1,fixed-val128,0.631944444444,3.20005189324e-07,,,1000,radial_profile_bin,,,,,,,,
Corrected standard FNO,128,256,1,fixed-val128,0.645833333333,3.19947842691e-07,,,1000,radial_profile_bin,,,,,,,,
Corrected standard FNO,128,256,1,fixed-val128,0.659722222222,3.18816428369e-07,,,1000,radial_profile_bin,,,,,,,,
Corrected standard FNO,128,256,1,fixed-val128,0.673611111111,3.16587103362e-07,,,1000,radial_profile_bin,,,,,,,,
Corrected standard FNO,128,256,1,fixed-val128,0.6875,1.72022855777e-07,,,1000,radial_profile_bin,,,,,,,,
Corrected standard FNO,128,256,1,fixed-val128,0.701388888889,3.17254959355e-07,,,1000,radial_profile_bin,,,,,,,,
Corrected standard FNO,128,256,1,fixed-val128,0.715277777778,3.17042998444e-07,,,1000,radial_profile_bin,,,,,,,,
Corrected standard FNO,128,256,1,fixed-val128,0.729166666667,3.14363629572e-07,,,1000,radial_profile_bin,,,,,,,,
Corrected standard FNO,128,256,1,fixed-val128,0.743055555556,1.67241929195e-07,,,1000,radial_profile_bin,,,,,,,,
Corrected standard FNO,128,256,1,fixed-val128,0.756944444444,3.16691795326e-07,,,1000,radial_profile_bin,,,,,,,,
Corrected standard FNO,128,256,1,fixed-val128,0.770833333333,3.16899229537e-07,,,1000,radial_profile_bin,,,,,,,,
Corrected standard FNO,128,256,1,fixed-val128,0.784722222222,3.19842356895e-07,,,1000,radial_profile_bin,,,,,,,,
Corrected standard FNO,128,256,1,fixed-val128,0.798611111111,3.14652747123e-07,,,1000,radial_profile_bin,,,,,,,,
Corrected standard FNO,128,256,1,fixed-val128,0.8125,1.72730008869e-07,,,1000,radial_profile_bin,,,,,,,,
Corrected standard FNO,128,256,1,fixed-val128,0.826388888889,3.1843098599e-07,,,1000,radial_profile_bin,,,,,,,,
Corrected standard FNO,128,256,1,fixed-val128,0.840277777778,3.30877836884e-07,,,1000,radial_profile_bin,,,,,,,,
Corrected standard FNO,128,256,1,fixed-val128,0.854166666667,3.5632109126e-07,,,1000,radial_profile_bin,,,,,,,,
Corrected standard FNO,128,256,1,fixed-val128,0.868055555556,2.17869872562e-07,,,1000,radial_profile_bin,,,,,,,,
Corrected standard FNO,128,256,1,fixed-val128,0.881944444444,3.78230533091e-07,,,1000,radial_profile_bin,,,,,,,,
Corrected standard FNO,128,256,1,fixed-val128,0.895833333333,3.89341046362e-07,,,1000,radial_profile_bin,,,,,,,,
Corrected standard FNO,128,256,1,fixed-val128,0.909722222222,5.52356763119e-07,,,1000,radial_profile_bin,,,,,,,,
Corrected standard FNO,128,256,1,fixed-val128,0.923611111111,1.06666538082e-06,,,1000,radial_profile_bin,,,,,,,,
Corrected standard FNO,128,256,1,fixed-val128,0.9375,7.75820965678e-07,,,1000,radial_profile_bin,,,,,,,,
Corrected standard FNO,128,256,1,fixed-val128,0.951388888889,8.6162374972e-07,,,1000,radial_profile_bin,,,,,,,,
Corrected standard FNO,128,256,1,fixed-val128,0.965277777778,9.99018677281e-07,,,1000,radial_profile_bin,,,,,,,,
Corrected standard FNO,128,256,1,fixed-val128,0.979166666667,1.58471540676e-06,,,1000,radial_profile_bin,,,,,,,,
Corrected standard FNO,128,256,1,fixed-val128,0.993055555556,3.74007817653e-06,,,1000,radial_profile_bin,,,,,,,,
Corrected standard FNO,256,256,1,fixed-val128,0.00694444444444,0.00380665941408,,,1000,radial_profile_bin,,,,,,,,
Corrected standard FNO,256,256,1,fixed-val128,0.0208333333333,0.000671117609028,,,1000,radial_profile_bin,,,,,,,,
Corrected standard FNO,256,256,1,fixed-val128,0.0347222222222,0.00017015712263,,,1000,radial_profile_bin,,,,,,,,
Corrected standard FNO,256,256,1,fixed-val128,0.0486111111111,8.47788147546e-05,,,1000,radial_profile_bin,,,,,,,,
Corrected standard FNO,256,256,1,fixed-val128,0.0625,4.47622101767e-05,,,1000,radial_profile_bin,,,,,,,,
Corrected standard FNO,256,256,1,fixed-val128,0.0763888888889,5.43901398386e-05,,,1000,radial_profile_bin,,,,,,,,
Corrected standard FNO,256,256,1,fixed-val128,0.0902777777778,4.13416518168e-05,,,1000,radial_profile_bin,,,,,,,,
Corrected standard FNO,256,256,1,fixed-val128,0.104166666667,2.69681612191e-05,,,1000,radial_profile_bin,,,,,,,,
Corrected standard FNO,256,256,1,fixed-val128,0.118055555556,1.77295272897e-05,,,1000,radial_profile_bin,,,,,,,,
Corrected standard FNO,256,256,1,fixed-val128,0.131944444444,1.80910424609e-05,,,1000,radial_profile_bin,,,,,,,,
Corrected standard FNO,256,256,1,fixed-val128,0.145833333333,1.39950143417e-05,,,1000,radial_profile_bin,,,,,,,,
Corrected standard FNO,256,256,1,fixed-val128,0.159722222222,1.09650375747e-05,,,1000,radial_profile_bin,,,,,,,,
Corrected standard FNO,256,256,1,fixed-val128,0.173611111111,7.59152097971e-06,,,1000,radial_profile_bin,,,,,,,,
Corrected standard FNO,256,256,1,fixed-val128,0.1875,4.36122763825e-06,,,1000,radial_profile_bin,,,,,,,,
Corrected standard FNO,256,256,1,fixed-val128,0.201388888889,4.12632844645e-06,,,1000,radial_profile_bin,,,,,,,,
Corrected standard FNO,256,256,1,fixed-val128,0.215277777778,3.20722677639e-06,,,1000,radial_profile_bin,,,,,,,,
Corrected standard FNO,256,256,1,fixed-val128,0.229166666667,2.76399575754e-06,,,1000,radial_profile_bin,,,,,,,,
Corrected standard FNO,256,256,1,fixed-val128,0.243055555556,1.57623640825e-06,,,1000,radial_profile_bin,,,,,,,,
Corrected standard FNO,256,256,1,fixed-val128,0.256944444444,1.84830791843e-06,,,1000,radial_profile_bin,,,,,,,,
Corrected standard FNO,256,256,1,fixed-val128,0.270833333333,1.52580046045e-06,,,1000,radial_profile_bin,,,,,,,,
Corrected standard FNO,256,256,1,fixed-val128,0.284722222222,1.23177167101e-06,,,1000,radial_profile_bin,,,,,,,,
Corrected standard FNO,256,256,1,fixed-val128,0.298611111111,1.05855819158e-06,,,1000,radial_profile_bin,,,,,,,,
Corrected standard FNO,256,256,1,fixed-val128,0.3125,6.67016280266e-07,,,1000,radial_profile_bin,,,,,,,,
Corrected standard FNO,256,256,1,fixed-val128,0.326388888889,7.81873865503e-07,,,1000,radial_profile_bin,,,,,,,,
Corrected standard FNO,256,256,1,fixed-val128,0.340277777778,7.07032694891e-07,,,1000,radial_profile_bin,,,,,,,,
Corrected standard FNO,256,256,1,fixed-val128,0.354166666667,5.88976931576e-07,,,1000,radial_profile_bin,,,,,,,,
Corrected standard FNO,256,256,1,fixed-val128,0.368055555556,3.29850618923e-07,,,1000,radial_profile_bin,,,,,,,,
Corrected standard FNO,256,256,1,fixed-val128,0.381944444444,4.79582102924e-07,,,1000,radial_profile_bin,,,,,,,,
Corrected standard FNO,256,256,1,fixed-val128,0.395833333333,4.10086385334e-07,,,1000,radial_profile_bin,,,,,,,,
Corrected standard FNO,256,256,1,fixed-val128,0.409722222222,3.56412048122e-07,,,1000,radial_profile_bin,,,,,,,,
Corrected standard FNO,256,256,1,fixed-val128,0.423611111111,3.15590247882e-07,,,1000,radial_profile_bin,,,,,,,,
Corrected standard FNO,256,256,1,fixed-val128,0.4375,1.924838905e-07,,,1000,radial_profile_bin,,,,,,,,
Corrected standard FNO,256,256,1,fixed-val128,0.451388888889,2.76467806718e-07,,,1000,radial_profile_bin,,,,,,,,
Corrected standard FNO,256,256,1,fixed-val128,0.465277777778,2.66684914705e-07,,,1000,radial_profile_bin,,,,,,,,
Corrected standard FNO,256,256,1,fixed-val128,0.479166666667,2.49352712081e-07,,,1000,radial_profile_bin,,,,,,,,
Corrected standard FNO,256,256,1,fixed-val128,0.493055555556,1.51967144575e-07,,,1000,radial_profile_bin,,,,,,,,
Corrected standard FNO,256,256,1,fixed-val128,0.506944444444,2.44700924968e-07,,,1000,radial_profile_bin,,,,,,,,
Corrected standard FNO,256,256,1,fixed-val128,0.520833333333,2.42379357152e-07,,,1000,radial_profile_bin,,,,,,,,
Corrected standard FNO,256,256,1,fixed-val128,0.534722222222,2.39133750447e-07,,,1000,radial_profile_bin,,,,,,,,
Corrected standard FNO,256,256,1,fixed-val128,0.548611111111,2.37095823197e-07,,,1000,radial_profile_bin,,,,,,,,
Corrected standard FNO,256,256,1,fixed-val128,0.5625,1.43841367963e-07,,,1000,radial_profile_bin,,,,,,,,
Corrected standard FNO,256,256,1,fixed-val128,0.576388888889,2.40531831275e-07,,,1000,radial_profile_bin,,,,,,,,
Corrected standard FNO,256,256,1,fixed-val128,0.590277777778,2.42378813893e-07,,,1000,radial_profile_bin,,,,,,,,
Corrected standard FNO,256,256,1,fixed-val128,0.604166666667,2.41689030723e-07,,,1000,radial_profile_bin,,,,,,,,
Corrected standard FNO,256,256,1,fixed-val128,0.618055555556,1.38661888465e-07,,,1000,radial_profile_bin,,,,,,,,
Corrected standard FNO,256,256,1,fixed-val128,0.631944444444,2.46598991974e-07,,,1000,radial_profile_bin,,,,,,,,
Corrected standard FNO,256,256,1,fixed-val128,0.645833333333,2.47328002744e-07,,,1000,radial_profile_bin,,,,,,,,
Corrected standard FNO,256,256,1,fixed-val128,0.659722222222,2.46669554676e-07,,,1000,radial_profile_bin,,,,,,,,
Corrected standard FNO,256,256,1,fixed-val128,0.673611111111,2.45406755732e-07,,,1000,radial_profile_bin,,,,,,,,
Corrected standard FNO,256,256,1,fixed-val128,0.6875,1.37746571318e-07,,,1000,radial_profile_bin,,,,,,,,
Corrected standard FNO,256,256,1,fixed-val128,0.701388888889,2.46717441072e-07,,,1000,radial_profile_bin,,,,,,,,
Corrected standard FNO,256,256,1,fixed-val128,0.715277777778,2.47186041739e-07,,,1000,radial_profile_bin,,,,,,,,
Corrected standard FNO,256,256,1,fixed-val128,0.729166666667,2.45191230492e-07,,,1000,radial_profile_bin,,,,,,,,
Corrected standard FNO,256,256,1,fixed-val128,0.743055555556,1.33498309617e-07,,,1000,radial_profile_bin,,,,,,,,
Corrected standard FNO,256,256,1,fixed-val128,0.756944444444,2.47971281339e-07,,,1000,radial_profile_bin,,,,,,,,
Corrected standard FNO,256,256,1,fixed-val128,0.770833333333,2.47212982355e-07,,,1000,radial_profile_bin,,,,,,,,
Corrected standard FNO,256,256,1,fixed-val128,0.784722222222,2.48863700487e-07,,,1000,radial_profile_bin,,,,,,,,
Corrected standard FNO,256,256,1,fixed-val128,0.798611111111,2.4631917987e-07,,,1000,radial_profile_bin,,,,,,,,
Corrected standard FNO,256,256,1,fixed-val128,0.8125,1.39667860435e-07,,,1000,radial_profile_bin,,,,,,,,
Corrected standard FNO,256,256,1,fixed-val128,0.826388888889,2.50862445351e-07,,,1000,radial_profile_bin,,,,,,,,
Corrected standard FNO,256,256,1,fixed-val128,0.840277777778,2.63162585073e-07,,,1000,radial_profile_bin,,,,,,,,
Corrected standard FNO,256,256,1,fixed-val128,0.854166666667,2.80563015165e-07,,,1000,radial_profile_bin,,,,,,,,
Corrected standard FNO,256,256,1,fixed-val128,0.868055555556,1.75741406782e-07,,,1000,radial_profile_bin,,,,,,,,
Corrected standard FNO,256,256,1,fixed-val128,0.881944444444,3.00440802152e-07,,,1000,radial_profile_bin,,,,,,,,
Corrected standard FNO,256,256,1,fixed-val128,0.895833333333,3.10527091985e-07,,,1000,radial_profile_bin,,,,,,,,
Corrected standard FNO,256,256,1,fixed-val128,0.909722222222,4.79618961766e-07,,,1000,radial_profile_bin,,,,,,,,
Corrected standard FNO,256,256,1,fixed-val128,0.923611111111,1.01002369513e-06,,,1000,radial_profile_bin,,,,,,,,
Corrected standard FNO,256,256,1,fixed-val128,0.9375,7.55443293096e-07,,,1000,radial_profile_bin,,,,,,,,
Corrected standard FNO,256,256,1,fixed-val128,0.951388888889,7.78915458384e-07,,,1000,radial_profile_bin,,,,,,,,
Corrected standard FNO,256,256,1,fixed-val128,0.965277777778,8.99222291262e-07,,,1000,radial_profile_bin,,,,,,,,
Corrected standard FNO,256,256,1,fixed-val128,0.979166666667,1.50605416465e-06,,,1000,radial_profile_bin,,,,,,,,
Corrected standard FNO,256,256,1,fixed-val128,0.993055555556,3.81199285542e-06,,,1000,radial_profile_bin,,,,,,,,
U-Net,32,256,1,fixed-val128,0.00694444444444,5.75618740798,3.13064723548,0.0989997581464,1000,radial_profile_bin,,,,,,,,
U-Net,32,256,1,fixed-val128,0.0208333333333,2.48128464967,2.05299949868,0.0649215445103,1000,radial_profile_bin,,,,,,,,
U-Net,32,256,1,fixed-val128,0.0347222222222,1.13942692714,0.977497819057,0.0309111951607,1000,radial_profile_bin,,,,,,,,
U-Net,32,256,1,fixed-val128,0.0486111111111,0.598214630165,0.44268095543,0.0139988009594,1000,radial_profile_bin,,,,,,,,
U-Net,32,256,1,fixed-val128,0.0625,0.212930562272,0.151604362988,0.0047941509026,1000,radial_profile_bin,,,,,,,,
U-Net,32,256,1,fixed-val128,0.0763888888889,0.264397403049,0.179336641787,0.00567112255973,1000,radial_profile_bin,,,,,,,,
U-Net,32,256,1,fixed-val128,0.0902777777778,0.167864211587,0.120026830076,0.0037955816337,1000,radial_profile_bin,,,,,,,,
U-Net,32,256,1,fixed-val128,0.104166666667,0.0888946390218,0.0643939319775,0.00203631492543,1000,radial_profile_bin,,,,,,,,
U-Net,32,256,1,fixed-val128,0.118055555556,0.0272209311386,0.0196895261635,0.000622637487261,1000,radial_profile_bin,,,,,,,,
U-Net,32,256,1,fixed-val128,0.131944444444,0.0335822874722,0.0233409406046,0.000738105350412,1000,radial_profile_bin,,,,,,,,
U-Net,32,256,1,fixed-val128,0.145833333333,0.0224553861423,0.0158450957052,0.000501065921717,1000,radial_profile_bin,,,,,,,,
U-Net,32,256,1,fixed-val128,0.159722222222,0.0156962114118,0.0111680947784,0.000353166166244,1000,radial_profile_bin,,,,,,,,
U-Net,32,256,1,fixed-val128,0.173611111111,0.010623332877,0.00761573449695,0.000240830670655,1000,radial_profile_bin,,,,,,,,
U-Net,32,256,1,fixed-val128,0.1875,0.0042649117879,0.00319082239414,0.000100902663745,1000,radial_profile_bin,,,,,,,,
U-Net,32,256,1,fixed-val128,0.201388888889,0.00610815858304,0.0045505250711,0.000143900237744,1000,radial_profile_bin,,,,,,,,
U-Net,32,256,1,fixed-val128,0.215277777778,0.00431971300585,0.00326715743889,0.000103316589812,1000,radial_profile_bin,,,,,,,,
U-Net,32,256,1,fixed-val128,0.229166666667,0.00312400969881,0.00238690213064,7.54804728475e-05,1000,radial_profile_bin,,,,,,,,
U-Net,32,256,1,fixed-val128,0.243055555556,0.00135138750893,0.00107245865652,3.39141205096e-05,1000,radial_profile_bin,,,,,,,,
U-Net,32,256,1,fixed-val128,0.256944444444,0.00212504572796,0.00166207779197,5.25595147102e-05,1000,radial_profile_bin,,,,,,,,
U-Net,32,256,1,fixed-val128,0.270833333333,0.00167226491398,0.00128396672478,4.06025929018e-05,1000,radial_profile_bin,,,,,,,,
U-Net,32,256,1,fixed-val128,0.284722222222,0.00133356343541,0.00102962059978,3.25594622115e-05,1000,radial_profile_bin,,,,,,,,
U-Net,32,256,1,fixed-val128,0.298611111111,0.000991299146766,0.000752369366555,2.37920084005e-05,1000,radial_profile_bin,,,,,,,,
U-Net,32,256,1,fixed-val128,0.3125,0.000425227931628,0.0003326537703,1.05194358639e-05,1000,radial_profile_bin,,,,,,,,
U-Net,32,256,1,fixed-val128,0.326388888889,0.000716654375226,0.000527954430082,1.66953849983e-05,1000,radial_profile_bin,,,,,,,,
U-Net,32,256,1,fixed-val128,0.340277777778,0.00068954115219,0.000540833109722,1.71026446075e-05,1000,radial_profile_bin,,,,,,,,
U-Net,32,256,1,fixed-val128,0.354166666667,0.000585389050295,0.000463462956766,1.4655985545e-05,1000,radial_profile_bin,,,,,,,,
U-Net,32,256,1,fixed-val128,0.368055555556,0.000248005784488,0.000194959074157,6.16514724853e-06,1000,radial_profile_bin,,,,,,,,
U-Net,32,256,1,fixed-val128,0.381944444444,0.00036438106099,0.000280209186069,8.86099249281e-06,1000,radial_profile_bin,,,,,,,,
U-Net,32,256,1,fixed-val128,0.395833333333,0.000240269773017,0.000192424131387,6.08498531963e-06,1000,radial_profile_bin,,,,,,,,
U-Net,32,256,1,fixed-val128,0.409722222222,0.000192641891225,0.000164703610634,5.20838548456e-06,1000,radial_profile_bin,,,,,,,,
U-Net,32,256,1,fixed-val128,0.423611111111,0.000193189833213,0.000167617004845,5.30051509887e-06,1000,radial_profile_bin,,,,,,,,
U-Net,32,256,1,fixed-val128,0.4375,0.000103077486529,8.6797724018e-05,2.74478503616e-06,1000,radial_profile_bin,,,,,,,,
U-Net,32,256,1,fixed-val128,0.451388888889,0.000186764941377,0.000143062560554,4.52403539245e-06,1000,radial_profile_bin,,,,,,,,
U-Net,32,256,1,fixed-val128,0.465277777778,0.000184750229396,0.000135617287956,4.28859520038e-06,1000,radial_profile_bin,,,,,,,,
U-Net,32,256,1,fixed-val128,0.479166666667,0.000197477661694,0.000147722224048,4.67138689017e-06,1000,radial_profile_bin,,,,,,,,
U-Net,32,256,1,fixed-val128,0.493055555556,0.000140497329676,0.000122597453701,3.87687189031e-06,1000,radial_profile_bin,,,,,,,,
U-Net,32,256,1,fixed-val128,0.506944444444,0.000765495949953,0.000992054806288,3.13715275159e-05,1000,radial_profile_bin,,,,,,,,
U-Net,32,256,1,fixed-val128,0.520833333333,0.000178461803468,0.000156800080076,4.95845390338e-06,1000,radial_profile_bin,,,,,,,,
U-Net,32,256,1,fixed-val128,0.534722222222,0.000103828176598,7.70487924017e-05,2.43649674955e-06,1000,radial_profile_bin,,,,,,,,
U-Net,32,256,1,fixed-val128,0.548611111111,8.37274852358e-05,6.60285890152e-05,2.08800731975e-06,1000,radial_profile_bin,,,,,,,,
U-Net,32,256,1,fixed-val128,0.5625,4.2634794882e-05,3.90107148084e-05,1.23362711946e-06,1000,radial_profile_bin,,,,,,,,
U-Net,32,256,1,fixed-val128,0.576388888889,6.27123012548e-05,5.67352293438e-05,1.79412548298e-06,1000,radial_profile_bin,,,,,,,,
U-Net,32,256,1,fixed-val128,0.590277777778,5.55290286802e-05,4.80501231327e-05,1.51947830951e-06,1000,radial_profile_bin,,,,,,,,
U-Net,32,256,1,fixed-val128,0.604166666667,5.5020253755e-05,4.9269887053e-05,1.55805063147e-06,1000,radial_profile_bin,,,,,,,,
U-Net,32,256,1,fixed-val128,0.618055555556,2.64717473429e-05,2.33633865948e-05,7.38815154947e-07,1000,radial_profile_bin,,,,,,,,
U-Net,32,256,1,fixed-val128,0.631944444444,4.34254778946e-05,3.93030327183e-05,1.24287102342e-06,1000,radial_profile_bin,,,,,,,,
U-Net,32,256,1,fixed-val128,0.645833333333,3.56015682752e-05,3.13302753701e-05,9.90750298897e-07,1000,radial_profile_bin,,,,,,,,
U-Net,32,256,1,fixed-val128,0.659722222222,2.86801229789e-05,2.38043066451e-05,7.52758271196e-07,1000,radial_profile_bin,,,,,,,,
U-Net,32,256,1,fixed-val128,0.673611111111,2.5285632055e-05,2.14524331086e-05,6.78385499755e-07,1000,radial_profile_bin,,,,,,,,
U-Net,32,256,1,fixed-val128,0.6875,1.26475001276e-05,1.09444337252e-05,3.46093382724e-07,1000,radial_profile_bin,,,,,,,,
U-Net,32,256,1,fixed-val128,0.701388888889,2.34917109906e-05,2.20317587282e-05,6.96705384405e-07,1000,radial_profile_bin,,,,,,,,
U-Net,32,256,1,fixed-val128,0.715277777778,1.78265504762e-05,1.67796381901e-05,5.30618749943e-07,1000,radial_profile_bin,,,,,,,,
U-Net,32,256,1,fixed-val128,0.729166666667,1.66440921446e-05,1.84880859175e-05,5.84644610763e-07,1000,radial_profile_bin,,,,,,,,
U-Net,32,256,1,fixed-val128,0.743055555556,8.31096283284e-06,9.63408811628e-06,3.04656616262e-07,1000,radial_profile_bin,,,,,,,,
U-Net,32,256,1,fixed-val128,0.756944444444,1.25622168666e-05,1.31772345705e-05,4.16700745052e-07,1000,radial_profile_bin,,,,,,,,
U-Net,32,256,1,fixed-val128,0.770833333333,1.06559933547e-05,1.0691295631e-05,3.38088453321e-07,1000,radial_profile_bin,,,,,,,,
U-Net,32,256,1,fixed-val128,0.784722222222,1.07316607107e-05,1.04048009786e-05,3.29028696931e-07,1000,radial_profile_bin,,,,,,,,
U-Net,32,256,1,fixed-val128,0.798611111111,8.93289472866e-06,8.26007676923e-06,2.61206562386e-07,1000,radial_profile_bin,,,,,,,,
U-Net,32,256,1,fixed-val128,0.8125,4.71571191084e-06,4.73714511433e-06,1.4980168168e-07,1000,radial_profile_bin,,,,,,,,
U-Net,32,256,1,fixed-val128,0.826388888889,8.01594287528e-06,7.15083836602e-06,2.26129364163e-07,1000,radial_profile_bin,,,,,,,,
U-Net,32,256,1,fixed-val128,0.840277777778,9.25566736657e-06,8.40530479213e-06,2.6579907571e-07,1000,radial_profile_bin,,,,,,,,
U-Net,32,256,1,fixed-val128,0.854166666667,8.84741549246e-06,8.8608453172e-06,2.80204531968e-07,1000,radial_profile_bin,,,,,,,,
U-Net,32,256,1,fixed-val128,0.868055555556,4.17408006918e-06,4.09164589939e-06,1.2938920421e-07,1000,radial_profile_bin,,,,,,,,
U-Net,32,256,1,fixed-val128,0.881944444444,6.13871940126e-06,5.70334744619e-06,1.80355682173e-07,1000,radial_profile_bin,,,,,,,,
U-Net,32,256,1,fixed-val128,0.895833333333,5.59000572647e-06,5.71438836994e-06,1.80704826838e-07,1000,radial_profile_bin,,,,,,,,
U-Net,32,256,1,fixed-val128,0.909722222222,5.17052201169e-06,5.45962444445e-06,1.72648484136e-07,1000,radial_profile_bin,,,,,,,,
U-Net,32,256,1,fixed-val128,0.923611111111,5.58578741787e-06,6.02282643288e-06,1.90458494798e-07,1000,radial_profile_bin,,,,,,,,
U-Net,32,256,1,fixed-val128,0.9375,4.02111433652e-06,4.22731599065e-06,1.33679469197e-07,1000,radial_profile_bin,,,,,,,,
U-Net,32,256,1,fixed-val128,0.951388888889,8.88211249127e-06,9.00299087272e-06,2.84699569115e-07,1000,radial_profile_bin,,,,,,,,
U-Net,32,256,1,fixed-val128,0.965277777778,1.30481658475e-05,1.32659624145e-05,4.1950656584e-07,1000,radial_profile_bin,,,,,,,,
U-Net,32,256,1,fixed-val128,0.979166666667,1.99782498827e-05,2.26426750534e-05,7.16024254879e-07,1000,radial_profile_bin,,,,,,,,
U-Net,32,256,1,fixed-val128,0.993055555556,4.70431005854e-05,3.95911129834e-05,1.25198092129e-06,1000,radial_profile_bin,,,,,,,,
U-Net,64,256,1,fixed-val128,0.00694444444444,4.03150778311,2.06170390394,0.065196801973,1000,radial_profile_bin,,,,,,,,
U-Net,64,256,1,fixed-val128,0.0208333333333,2.60625060159,1.79812123341,0.0568615860669,1000,radial_profile_bin,,,,,,,,
U-Net,64,256,1,fixed-val128,0.0347222222222,0.946770434528,0.527123927451,0.0166691221992,1000,radial_profile_bin,,,,,,,,
U-Net,64,256,1,fixed-val128,0.0486111111111,0.321466749889,0.163524253987,0.00517109095278,1000,radial_profile_bin,,,,,,,,
U-Net,64,256,1,fixed-val128,0.0625,0.0561250644382,0.0279493574809,0.000883836287779,1000,radial_profile_bin,,,,,,,,
U-Net,64,256,1,fixed-val128,0.0763888888889,0.0358015432838,0.0192592263585,0.000609030212656,1000,radial_profile_bin,,,,,,,,
U-Net,64,256,1,fixed-val128,0.0902777777778,0.0121313766029,0.00887036735704,0.000280505645306,1000,radial_profile_bin,,,,,,,,
U-Net,64,256,1,fixed-val128,0.104166666667,0.00583870596293,0.00514516431149,0.000162704381601,1000,radial_profile_bin,,,,,,,,
U-Net,64,256,1,fixed-val128,0.118055555556,0.00206645423848,0.00188240631002,5.95269142153e-05,1000,radial_profile_bin,,,,,,,,
U-Net,64,256,1,fixed-val128,0.131944444444,0.00347311476502,0.0027395722976,8.6632882751e-05,1000,radial_profile_bin,,,,,,,,
U-Net,64,256,1,fixed-val128,0.145833333333,0.00267837952504,0.00183075198214,5.78934609441e-05,1000,radial_profile_bin,,,,,,,,
U-Net,64,256,1,fixed-val128,0.159722222222,0.00203119832638,0.00127051035425,4.01770651025e-05,1000,radial_profile_bin,,,,,,,,
U-Net,64,256,1,fixed-val128,0.173611111111,0.00145185360032,0.000860446631791,2.72097116148e-05,1000,radial_profile_bin,,,,,,,,
U-Net,64,256,1,fixed-val128,0.1875,0.000607696968608,0.000366276362252,1.1582675578e-05,1000,radial_profile_bin,,,,,,,,
U-Net,64,256,1,fixed-val128,0.201388888889,0.00088396565374,0.000516497679443,1.63330907323e-05,1000,radial_profile_bin,,,,,,,,
U-Net,64,256,1,fixed-val128,0.215277777778,0.000685460814219,0.000394491152288,1.24749055801e-05,1000,radial_profile_bin,,,,,,,,
U-Net,64,256,1,fixed-val128,0.229166666667,0.000566117945404,0.000312683154162,9.88790953118e-06,1000,radial_profile_bin,,,,,,,,
U-Net,64,256,1,fixed-val128,0.243055555556,0.00027039822991,0.000149242057951,4.71944825815e-06,1000,radial_profile_bin,,,,,,,,
U-Net,64,256,1,fixed-val128,0.256944444444,0.000438309156444,0.000259271501523,8.19888477184e-06,1000,radial_profile_bin,,,,,,,,
U-Net,64,256,1,fixed-val128,0.270833333333,0.000302866690542,0.000163881536087,5.18238920481e-06,1000,radial_profile_bin,,,,,,,,
U-Net,64,256,1,fixed-val128,0.284722222222,0.000228796297468,0.000130715777956,4.13359584462e-06,1000,radial_profile_bin,,,,,,,,
U-Net,64,256,1,fixed-val128,0.298611111111,0.000182814297902,0.00010694554866,3.38191519383e-06,1000,radial_profile_bin,,,,,,,,
U-Net,64,256,1,fixed-val128,0.3125,9.1370999465e-05,5.5025962914e-05,1.74007373252e-06,1000,radial_profile_bin,,,,,,,,
U-Net,64,256,1,fixed-val128,0.326388888889,0.000138282053929,7.93725497204e-05,2.50998040812e-06,1000,radial_profile_bin,,,,,,,,
U-Net,64,256,1,fixed-val128,0.340277777778,0.000118752101979,6.65481818105e-05,2.10443828664e-06,1000,radial_profile_bin,,,,,,,,
U-Net,64,256,1,fixed-val128,0.354166666667,9.87473591708e-05,5.28955800869e-05,1.67270511231e-06,1000,radial_profile_bin,,,,,,,,
U-Net,64,256,1,fixed-val128,0.368055555556,4.65026316681e-05,2.54466051032e-05,8.04692308451e-07,1000,radial_profile_bin,,,,,,,,
U-Net,64,256,1,fixed-val128,0.381944444444,7.44389212575e-05,4.18177886413e-05,1.32239458818e-06,1000,radial_profile_bin,,,,,,,,
U-Net,64,256,1,fixed-val128,0.395833333333,5.71111324976e-05,3.43555698663e-05,1.0864185109e-06,1000,radial_profile_bin,,,,,,,,
U-Net,64,256,1,fixed-val128,0.409722222222,4.21794940709e-05,3.06416321737e-05,9.68973488941e-07,1000,radial_profile_bin,,,,,,,,
U-Net,64,256,1,fixed-val128,0.423611111111,2.91239893748e-05,2.51262274095e-05,7.94561076215e-07,1000,radial_profile_bin,,,,,,,,
U-Net,64,256,1,fixed-val128,0.4375,1.27074023462e-05,1.28430584896e-05,4.06133169498e-07,1000,radial_profile_bin,,,,,,,,
U-Net,64,256,1,fixed-val128,0.451388888889,1.65687046024e-05,1.98185074651e-05,6.26716234147e-07,1000,radial_profile_bin,,,,,,,,
U-Net,64,256,1,fixed-val128,0.465277777778,1.56717671645e-05,1.8397488945e-05,5.81779682941e-07,1000,radial_profile_bin,,,,,,,,
U-Net,64,256,1,fixed-val128,0.479166666667,2.1351681377e-05,2.19337210422e-05,6.93605160561e-07,1000,radial_profile_bin,,,,,,,,
U-Net,64,256,1,fixed-val128,0.493055555556,1.63318714455e-05,1.51427698458e-05,4.78856427965e-07,1000,radial_profile_bin,,,,,,,,
U-Net,64,256,1,fixed-val128,0.506944444444,2.63212401339e-05,3.01363091663e-05,9.52993772365e-07,1000,radial_profile_bin,,,,,,,,
U-Net,64,256,1,fixed-val128,0.520833333333,2.12975725642e-05,1.64604005141e-05,5.20523568231e-07,1000,radial_profile_bin,,,,,,,,
U-Net,64,256,1,fixed-val128,0.534722222222,1.66177796029e-05,1.44602226596e-05,4.57272390776e-07,1000,radial_profile_bin,,,,,,,,
U-Net,64,256,1,fixed-val128,0.548611111111,1.31866942739e-05,1.35651653817e-05,4.28968194432e-07,1000,radial_profile_bin,,,,,,,,
U-Net,64,256,1,fixed-val128,0.5625,7.8088871119e-06,8.57241419623e-06,2.71083539065e-07,1000,radial_profile_bin,,,,,,,,
U-Net,64,256,1,fixed-val128,0.576388888889,1.17955962119e-05,1.27235723983e-05,4.02354687526e-07,1000,radial_profile_bin,,,,,,,,
U-Net,64,256,1,fixed-val128,0.590277777778,1.16099444601e-05,1.21160159693e-05,3.83142066298e-07,1000,radial_profile_bin,,,,,,,,
U-Net,64,256,1,fixed-val128,0.604166666667,1.08938088896e-05,1.07892425194e-05,3.41185805892e-07,1000,radial_profile_bin,,,,,,,,
U-Net,64,256,1,fixed-val128,0.618055555556,6.04163077383e-06,5.99551355089e-06,1.89594785632e-07,1000,radial_profile_bin,,,,,,,,
U-Net,64,256,1,fixed-val128,0.631944444444,9.86658257007e-06,9.66708853566e-06,3.05700181152e-07,1000,radial_profile_bin,,,,,,,,
U-Net,64,256,1,fixed-val128,0.645833333333,9.12530178431e-06,9.09720128464e-06,2.87678763925e-07,1000,radial_profile_bin,,,,,,,,
U-Net,64,256,1,fixed-val128,0.659722222222,8.76088245539e-06,8.98613834116e-06,2.84166645274e-07,1000,radial_profile_bin,,,,,,,,
U-Net,64,256,1,fixed-val128,0.673611111111,8.56682538762e-06,9.22491517442e-06,2.9171743173e-07,1000,radial_profile_bin,,,,,,,,
U-Net,64,256,1,fixed-val128,0.6875,5.38175452112e-06,6.19460025026e-06,1.95890459851e-07,1000,radial_profile_bin,,,,,,,,
U-Net,64,256,1,fixed-val128,0.701388888889,1.00565209218e-05,1.20581371701e-05,3.81311777962e-07,1000,radial_profile_bin,,,,,,,,
U-Net,64,256,1,fixed-val128,0.715277777778,7.95666348354e-06,1.00861316351e-05,3.18951487472e-07,1000,radial_profile_bin,,,,,,,,
U-Net,64,256,1,fixed-val128,0.729166666667,6.56750256109e-06,8.71579331522e-06,2.75617584914e-07,1000,radial_profile_bin,,,,,,,,
U-Net,64,256,1,fixed-val128,0.743055555556,3.73187255306e-06,4.7961893067e-06,1.51668822985e-07,1000,radial_profile_bin,,,,,,,,
U-Net,64,256,1,fixed-val128,0.756944444444,6.33261429917e-06,8.13211414152e-06,2.57160028797e-07,1000,radial_profile_bin,,,,,,,,
U-Net,64,256,1,fixed-val128,0.770833333333,6.22165390187e-06,8.29655515247e-06,2.6236011015e-07,1000,radial_profile_bin,,,,,,,,
U-Net,64,256,1,fixed-val128,0.784722222222,7.71724790141e-06,1.14932661595e-05,3.63448988187e-07,1000,radial_profile_bin,,,,,,,,
U-Net,64,256,1,fixed-val128,0.798611111111,9.46251925064e-06,1.56410887067e-05,4.94614653978e-07,1000,radial_profile_bin,,,,,,,,
U-Net,64,256,1,fixed-val128,0.8125,6.96868211586e-06,1.14002227456e-05,3.60506697092e-07,1000,radial_profile_bin,,,,,,,,
U-Net,64,256,1,fixed-val128,0.826388888889,1.3796473989e-05,2.45995100556e-05,7.77904810999e-07,1000,radial_profile_bin,,,,,,,,
U-Net,64,256,1,fixed-val128,0.840277777778,1.61854511924e-05,2.83825794209e-05,8.97535968405e-07,1000,radial_profile_bin,,,,,,,,
U-Net,64,256,1,fixed-val128,0.854166666667,1.65969915873e-05,2.54858435114e-05,8.05933135867e-07,1000,radial_profile_bin,,,,,,,,
U-Net,64,256,1,fixed-val128,0.868055555556,9.05535915445e-06,1.24951799085e-05,3.95132282845e-07,1000,radial_profile_bin,,,,,,,,
U-Net,64,256,1,fixed-val128,0.881944444444,1.61415061124e-05,2.16462928339e-05,6.8451588254e-07,1000,radial_profile_bin,,,,,,,,
U-Net,64,256,1,fixed-val128,0.895833333333,1.59665385766e-05,2.12498123784e-05,6.7197806967e-07,1000,radial_profile_bin,,,,,,,,
U-Net,64,256,1,fixed-val128,0.909722222222,1.7501698672e-05,2.39659643907e-05,7.57870337972e-07,1000,radial_profile_bin,,,,,,,,
U-Net,64,256,1,fixed-val128,0.923611111111,2.01078970762e-05,2.5267394767e-05,7.99025180022e-07,1000,radial_profile_bin,,,,,,,,
U-Net,64,256,1,fixed-val128,0.9375,1.71127483783e-05,2.07456722053e-05,6.560357576e-07,1000,radial_profile_bin,,,,,,,,
U-Net,64,256,1,fixed-val128,0.951388888889,4.33629679816e-05,5.29912520681e-05,1.67573052599e-06,1000,radial_profile_bin,,,,,,,,
U-Net,64,256,1,fixed-val128,0.965277777778,7.49820405999e-05,0.000100443910826,3.17631535305e-06,1000,radial_profile_bin,,,,,,,,
U-Net,64,256,1,fixed-val128,0.979166666667,0.00011595593957,0.000172859943788,5.46631138579e-06,1000,radial_profile_bin,,,,,,,,
U-Net,64,256,1,fixed-val128,0.993055555556,0.0001569382268,0.000239809597689,7.58344533467e-06,1000,radial_profile_bin,,,,,,,,
U-Net,128,256,1,fixed-val128,0.00694444444444,1.20836662018,0.874871844007,0.0276658768781,1000,radial_profile_bin,,,,,,,,
U-Net,128,256,1,fixed-val128,0.0208333333333,0.59750517811,0.387116500218,0.0122416986052,1000,radial_profile_bin,,,,,,,,
U-Net,128,256,1,fixed-val128,0.0347222222222,0.0644552146822,0.0249207725324,0.000788064022534,1000,radial_profile_bin,,,,,,,,
U-Net,128,256,1,fixed-val128,0.0486111111111,0.0146165093359,0.0061260269525,0.000193721981775,1000,radial_profile_bin,,,,,,,,
U-Net,128,256,1,fixed-val128,0.0625,0.00392375776374,0.00166676462374,5.2707725344e-05,1000,radial_profile_bin,,,,,,,,
U-Net,128,256,1,fixed-val128,0.0763888888889,0.00395474069473,0.00189796957911,6.00190679969e-05,1000,radial_profile_bin,,,,,,,,
U-Net,128,256,1,fixed-val128,0.0902777777778,0.00154361830773,0.000680761653999,2.15275737034e-05,1000,radial_profile_bin,,,,,,,,
U-Net,128,256,1,fixed-val128,0.104166666667,0.000832857946579,0.000357474651866,1.13043410567e-05,1000,radial_profile_bin,,,,,,,,
U-Net,128,256,1,fixed-val128,0.118055555556,0.000426694220875,0.000232906409336,7.36514735153e-06,1000,radial_profile_bin,,,,,,,,
U-Net,128,256,1,fixed-val128,0.131944444444,0.000531224882858,0.000273760305053,8.6570609691e-06,1000,radial_profile_bin,,,,,,,,
U-Net,128,256,1,fixed-val128,0.145833333333,0.000387870629702,0.000192800089416,6.09687415641e-06,1000,radial_profile_bin,,,,,,,,
U-Net,128,256,1,fixed-val128,0.159722222222,0.000171746351604,7.71821722491e-05,2.44071459067e-06,1000,radial_profile_bin,,,,,,,,
U-Net,128,256,1,fixed-val128,0.173611111111,0.000201745950048,0.00011296200855,3.57217236087e-06,1000,radial_profile_bin,,,,,,,,
U-Net,128,256,1,fixed-val128,0.1875,9.61543000357e-05,4.89528636732e-05,1.54802547195e-06,1000,radial_profile_bin,,,,,,,,
U-Net,128,256,1,fixed-val128,0.201388888889,9.2552314224e-05,4.6104515027e-05,1.45795277903e-06,1000,radial_profile_bin,,,,,,,,
U-Net,128,256,1,fixed-val128,0.215277777778,6.5363167979e-05,3.46946559999e-05,1.09714135596e-06,1000,radial_profile_bin,,,,,,,,
U-Net,128,256,1,fixed-val128,0.229166666667,8.712426991e-05,5.25700410847e-05,1.66241066516e-06,1000,radial_profile_bin,,,,,,,,
U-Net,128,256,1,fixed-val128,0.243055555556,3.46182170923e-05,1.67527619724e-05,5.29768849313e-07,1000,radial_profile_bin,,,,,,,,
U-Net,128,256,1,fixed-val128,0.256944444444,0.000112862269366,5.21342613324e-05,1.64863009941e-06,1000,radial_profile_bin,,,,,,,,
U-Net,128,256,1,fixed-val128,0.270833333333,6.23918878522e-05,3.20983096191e-05,1.01503767438e-06,1000,radial_profile_bin,,,,,,,,
U-Net,128,256,1,fixed-val128,0.284722222222,5.94203140565e-05,3.17343897294e-05,1.003529517e-06,1000,radial_profile_bin,,,,,,,,
U-Net,128,256,1,fixed-val128,0.298611111111,5.06132896144e-05,3.06637239445e-05,9.69672092071e-07,1000,radial_profile_bin,,,,,,,,
U-Net,128,256,1,fixed-val128,0.3125,2.50978104659e-05,1.42464955544e-05,4.50513746273e-07,1000,radial_profile_bin,,,,,,,,
U-Net,128,256,1,fixed-val128,0.326388888889,2.98877529546e-05,1.73393714397e-05,5.48319069453e-07,1000,radial_profile_bin,,,,,,,,
U-Net,128,256,1,fixed-val128,0.340277777778,2.81772551367e-05,1.4157099819e-05,4.47686804904e-07,1000,radial_profile_bin,,,,,,,,
U-Net,128,256,1,fixed-val128,0.354166666667,3.26163865978e-05,1.91350471985e-05,6.0510332282e-07,1000,radial_profile_bin,,,,,,,,
U-Net,128,256,1,fixed-val128,0.368055555556,1.6159320689e-05,7.33240178921e-06,2.31870903734e-07,1000,radial_profile_bin,,,,,,,,
U-Net,128,256,1,fixed-val128,0.381944444444,5.48303105975e-05,3.2448574936e-05,1.02611403624e-06,1000,radial_profile_bin,,,,,,,,
U-Net,128,256,1,fixed-val128,0.395833333333,2.84133328177e-05,1.38976958673e-05,4.39483731689e-07,1000,radial_profile_bin,,,,,,,,
U-Net,128,256,1,fixed-val128,0.409722222222,2.18328389579e-05,1.13804469106e-05,3.59881330281e-07,1000,radial_profile_bin,,,,,,,,
U-Net,128,256,1,fixed-val128,0.423611111111,2.01781266912e-05,1.13022119418e-05,3.5740732334e-07,1000,radial_profile_bin,,,,,,,,
U-Net,128,256,1,fixed-val128,0.4375,1.23588178231e-05,6.64098114376e-06,2.10006263125e-07,1000,radial_profile_bin,,,,,,,,
U-Net,128,256,1,fixed-val128,0.451388888889,1.77530399695e-05,9.75060614041e-06,3.08341239709e-07,1000,radial_profile_bin,,,,,,,,
U-Net,128,256,1,fixed-val128,0.465277777778,1.70353145094e-05,1.01046228184e-05,3.19536230032e-07,1000,radial_profile_bin,,,,,,,,
U-Net,128,256,1,fixed-val128,0.479166666667,2.24965713566e-05,1.1244131175e-05,3.55570648228e-07,1000,radial_profile_bin,,,,,,,,
U-Net,128,256,1,fixed-val128,0.493055555556,1.5804323475e-05,8.20237634507e-06,2.59381914763e-07,1000,radial_profile_bin,,,,,,,,
U-Net,128,256,1,fixed-val128,0.506944444444,2.69229960925e-05,1.37662779201e-05,4.35327931303e-07,1000,radial_profile_bin,,,,,,,,
U-Net,128,256,1,fixed-val128,0.520833333333,1.35771944509e-05,7.06657315042e-06,2.23464664075e-07,1000,radial_profile_bin,,,,,,,,
U-Net,128,256,1,fixed-val128,0.534722222222,1.18193738007e-05,6.39581702265e-06,2.02253492892e-07,1000,radial_profile_bin,,,,,,,,
U-Net,128,256,1,fixed-val128,0.548611111111,9.9950514406e-06,6.57992007894e-06,2.08075342713e-07,1000,radial_profile_bin,,,,,,,,
U-Net,128,256,1,fixed-val128,0.5625,6.09873557591e-06,3.13838425811e-06,9.92444242846e-08,1000,radial_profile_bin,,,,,,,,
U-Net,128,256,1,fixed-val128,0.576388888889,7.85651294258e-06,3.91433032431e-06,1.23781993391e-07,1000,radial_profile_bin,,,,,,,,
U-Net,128,256,1,fixed-val128,0.590277777778,8.25011857107e-06,4.39788746896e-06,1.3907341295e-07,1000,radial_profile_bin,,,,,,,,
U-Net,128,256,1,fixed-val128,0.604166666667,8.93835668371e-06,5.6812985836e-06,1.79658435917e-07,1000,radial_profile_bin,,,,,,,,
U-Net,128,256,1,fixed-val128,0.618055555556,5.54727303369e-06,3.1193795713e-06,9.86434433191e-08,1000,radial_profile_bin,,,,,,,,
U-Net,128,256,1,fixed-val128,0.631944444444,8.51940409308e-06,4.820983825e-06,1.52452894498e-07,1000,radial_profile_bin,,,,,,,,
U-Net,128,256,1,fixed-val128,0.645833333333,6.43613449729e-06,3.69008696954e-06,1.16690795879e-07,1000,radial_profile_bin,,,,,,,,
U-Net,128,256,1,fixed-val128,0.659722222222,6.28170114563e-06,3.80088387494e-06,1.20194501666e-07,1000,radial_profile_bin,,,,,,,,
U-Net,128,256,1,fixed-val128,0.673611111111,5.39158595559e-06,3.19014374484e-06,1.0088120297e-07,1000,radial_profile_bin,,,,,,,,
U-Net,128,256,1,fixed-val128,0.6875,3.19141022615e-06,1.69290088215e-06,5.35342264052e-08,1000,radial_profile_bin,,,,,,,,
U-Net,128,256,1,fixed-val128,0.701388888889,6.15642008864e-06,2.50658135452e-06,7.92650622078e-08,1000,radial_profile_bin,,,,,,,,
U-Net,128,256,1,fixed-val128,0.715277777778,6.77090933177e-06,3.34543506965e-06,1.05791945843e-07,1000,radial_profile_bin,,,,,,,,
U-Net,128,256,1,fixed-val128,0.729166666667,7.27821662232e-06,4.00719174978e-06,1.26718529503e-07,1000,radial_profile_bin,,,,,,,,
U-Net,128,256,1,fixed-val128,0.743055555556,3.56794155071e-06,1.60800353227e-06,5.08495364757e-08,1000,radial_profile_bin,,,,,,,,
U-Net,128,256,1,fixed-val128,0.756944444444,7.91306333646e-06,4.59600373578e-06,1.45338399397e-07,1000,radial_profile_bin,,,,,,,,
U-Net,128,256,1,fixed-val128,0.770833333333,5.79524790424e-06,2.83703324322e-06,8.9714868462e-08,1000,radial_profile_bin,,,,,,,,
U-Net,128,256,1,fixed-val128,0.784722222222,5.45512133258e-06,3.03961677956e-06,9.61211223748e-08,1000,radial_profile_bin,,,,,,,,
U-Net,128,256,1,fixed-val128,0.798611111111,4.59273576479e-06,2.05864280811e-06,6.51000016235e-08,1000,radial_profile_bin,,,,,,,,
U-Net,128,256,1,fixed-val128,0.8125,2.91542698496e-06,1.47982058502e-06,4.67960357706e-08,1000,radial_profile_bin,,,,,,,,
U-Net,128,256,1,fixed-val128,0.826388888889,4.96656653423e-06,2.80000651413e-06,8.85439804797e-08,1000,radial_profile_bin,,,,,,,,
U-Net,128,256,1,fixed-val128,0.840277777778,4.69754807667e-06,2.57292893524e-06,8.13631569311e-08,1000,radial_profile_bin,,,,,,,,
U-Net,128,256,1,fixed-val128,0.854166666667,5.09351710284e-06,2.90190594282e-06,9.17663233487e-08,1000,radial_profile_bin,,,,,,,,
U-Net,128,256,1,fixed-val128,0.868055555556,3.37318503786e-06,2.01693574848e-06,6.37811085941e-08,1000,radial_profile_bin,,,,,,,,
U-Net,128,256,1,fixed-val128,0.881944444444,6.33706003158e-06,3.78868810036e-06,1.19808837411e-07,1000,radial_profile_bin,,,,,,,,
U-Net,128,256,1,fixed-val128,0.895833333333,6.57459013122e-06,3.45936486438e-06,1.0939472229e-07,1000,radial_profile_bin,,,,,,,,
U-Net,128,256,1,fixed-val128,0.909722222222,6.87747384021e-06,3.32914949091e-06,1.05276950625e-07,1000,radial_profile_bin,,,,,,,,
U-Net,128,256,1,fixed-val128,0.923611111111,7.78429649461e-06,3.98629063274e-06,1.26057578148e-07,1000,radial_profile_bin,,,,,,,,
U-Net,128,256,1,fixed-val128,0.9375,6.00973604728e-06,3.65837399747e-06,1.15687943647e-07,1000,radial_profile_bin,,,,,,,,
U-Net,128,256,1,fixed-val128,0.951388888889,1.29839912974e-05,8.87984631898e-06,2.80805396402e-07,1000,radial_profile_bin,,,,,,,,
U-Net,128,256,1,fixed-val128,0.965277777778,2.19104525665e-05,1.86649645638e-05,5.90238004681e-07,1000,radial_profile_bin,,,,,,,,
U-Net,128,256,1,fixed-val128,0.979166666667,4.25017154603e-05,4.1316387203e-05,1.30653888251e-06,1000,radial_profile_bin,,,,,,,,
U-Net,128,256,1,fixed-val128,0.993055555556,0.000113063404019,0.000179582294584,5.67889078324e-06,1000,radial_profile_bin,,,,,,,,
U-Net,256,256,1,fixed-val128,0.00694444444444,0.108920060815,0.0999329635483,0.00316015778143,1000,radial_profile_bin,,,,,,,,
U-Net,256,256,1,fixed-val128,0.0208333333333,0.0534736881528,0.0366488348594,0.00115893791747,1000,radial_profile_bin,,,,,,,,
U-Net,256,256,1,fixed-val128,0.0347222222222,0.0155386122123,0.00935134396772,0.000295715461217,1000,radial_profile_bin,,,,,,,,
U-Net,256,256,1,fixed-val128,0.0486111111111,0.00641346985521,0.00401258142101,0.000126888965873,1000,radial_profile_bin,,,,,,,,
U-Net,256,256,1,fixed-val128,0.0625,0.00186888731984,0.0011369047257,3.59520841581e-05,1000,radial_profile_bin,,,,,,,,
U-Net,256,256,1,fixed-val128,0.0763888888889,0.0029600027731,0.00201683859375,6.37780362917e-05,1000,radial_profile_bin,,,,,,,,
U-Net,256,256,1,fixed-val128,0.0902777777778,0.0012760701351,0.000750988094222,2.37483287341e-05,1000,radial_profile_bin,,,,,,,,
U-Net,256,256,1,fixed-val128,0.104166666667,0.000912375721403,0.000521899611007,1.65039148074e-05,1000,radial_profile_bin,,,,,,,,
U-Net,256,256,1,fixed-val128,0.118055555556,0.000459394029181,0.00024582452654,7.77365408598e-06,1000,radial_profile_bin,,,,,,,,
U-Net,256,256,1,fixed-val128,0.131944444444,0.000588135527382,0.000296647560929,9.3808195487e-06,1000,radial_profile_bin,,,,,,,,
U-Net,256,256,1,fixed-val128,0.145833333333,0.000546154629931,0.000264542081233,8.36555513659e-06,1000,radial_profile_bin,,,,,,,,
U-Net,256,256,1,fixed-val128,0.159722222222,0.000399452488976,0.000221970614418,7.01932715189e-06,1000,radial_profile_bin,,,,,,,,
U-Net,256,256,1,fixed-val128,0.173611111111,0.000334438693199,0.000191954230514,6.07012574929e-06,1000,radial_profile_bin,,,,,,,,
U-Net,256,256,1,fixed-val128,0.1875,0.000252726440553,0.000145134838483,4.58956657447e-06,1000,radial_profile_bin,,,,,,,,
U-Net,256,256,1,fixed-val128,0.201388888889,0.000272935219305,0.00014454250322,4.57083528879e-06,1000,radial_profile_bin,,,,,,,,
U-Net,256,256,1,fixed-val128,0.215277777778,0.000314708841771,0.000164165556819,5.19137072898e-06,1000,radial_profile_bin,,,,,,,,
U-Net,256,256,1,fixed-val128,0.229166666667,0.000278954077935,0.000148418724568,4.69341217052e-06,1000,radial_profile_bin,,,,,,,,
U-Net,256,256,1,fixed-val128,0.243055555556,0.000120146322551,6.84602820096e-05,2.16490420408e-06,1000,radial_profile_bin,,,,,,,,
U-Net,256,256,1,fixed-val128,0.256944444444,0.000302903315444,0.000189776009889,6.00124436507e-06,1000,radial_profile_bin,,,,,,,,
U-Net,256,256,1,fixed-val128,0.270833333333,0.000183554207382,0.000116632684928,3.68824933993e-06,1000,radial_profile_bin,,,,,,,,
U-Net,256,256,1,fixed-val128,0.284722222222,0.000153605577849,0.000100605028121,3.18141032928e-06,1000,radial_profile_bin,,,,,,,,
U-Net,256,256,1,fixed-val128,0.298611111111,9.60586093576e-05,6.24523346768e-05,1.97491622774e-06,1000,radial_profile_bin,,,,,,,,
U-Net,256,256,1,fixed-val128,0.3125,5.71871629388e-05,3.22612600974e-05,1.02019062095e-06,1000,radial_profile_bin,,,,,,,,
U-Net,256,256,1,fixed-val128,0.326388888889,0.000105807686992,6.78830157025e-05,2.14664944061e-06,1000,radial_profile_bin,,,,,,,,
U-Net,256,256,1,fixed-val128,0.340277777778,0.000113210648254,6.44279435854e-05,2.03739046691e-06,1000,radial_profile_bin,,,,,,,,
U-Net,256,256,1,fixed-val128,0.354166666667,9.02384192234e-05,5.01932093872e-05,1.58724864737e-06,1000,radial_profile_bin,,,,,,,,
U-Net,256,256,1,fixed-val128,0.368055555556,3.94437025189e-05,2.68069242836e-05,8.47709377999e-07,1000,radial_profile_bin,,,,,,,,
U-Net,256,256,1,fixed-val128,0.381944444444,6.67824926484e-05,3.71779902773e-05,1.17567128104e-06,1000,radial_profile_bin,,,,,,,,
U-Net,256,256,1,fixed-val128,0.395833333333,4.14005702466e-05,2.8261956343e-05,8.93721531763e-07,1000,radial_profile_bin,,,,,,,,
U-Net,256,256,1,fixed-val128,0.409722222222,3.47722854724e-05,2.14123073434e-05,6.77116611647e-07,1000,radial_profile_bin,,,,,,,,
U-Net,256,256,1,fixed-val128,0.423611111111,3.21474486176e-05,2.01728233174e-05,6.3792068519e-07,1000,radial_profile_bin,,,,,,,,
U-Net,256,256,1,fixed-val128,0.4375,1.99917035671e-05,2.26050886986e-05,7.14835669978e-07,1000,radial_profile_bin,,,,,,,,
U-Net,256,256,1,fixed-val128,0.451388888889,3.79824090015e-05,3.48561589698e-05,1.10224852829e-06,1000,radial_profile_bin,,,,,,,,
U-Net,256,256,1,fixed-val128,0.465277777778,5.19840697084e-05,5.52601131289e-05,1.74747821246e-06,1000,radial_profile_bin,,,,,,,,
U-Net,256,256,1,fixed-val128,0.479166666667,6.25715627835e-05,7.04546834817e-05,2.22797271629e-06,1000,radial_profile_bin,,,,,,,,
U-Net,256,256,1,fixed-val128,0.493055555556,4.31250492422e-05,4.36330428446e-05,1.37979796633e-06,1000,radial_profile_bin,,,,,,,,
U-Net,256,256,1,fixed-val128,0.506944444444,0.000121411178264,0.000139987071025,4.42677987415e-06,1000,radial_profile_bin,,,,,,,,
U-Net,256,256,1,fixed-val128,0.520833333333,4.67779451752e-05,4.72475189825e-05,1.49409773777e-06,1000,radial_profile_bin,,,,,,,,
U-Net,256,256,1,fixed-val128,0.534722222222,2.42324856219e-05,3.05141347788e-05,9.64941667305e-07,1000,radial_profile_bin,,,,,,,,
U-Net,256,256,1,fixed-val128,0.548611111111,1.64722538287e-05,1.99520520326e-05,6.30939284172e-07,1000,radial_profile_bin,,,,,,,,
U-Net,256,256,1,fixed-val128,0.5625,1.51542568312e-05,1.96548734147e-05,6.21541671127e-07,1000,radial_profile_bin,,,,,,,,
U-Net,256,256,1,fixed-val128,0.576388888889,1.51559789292e-05,1.92421853541e-05,6.08491328782e-07,1000,radial_profile_bin,,,,,,,,
U-Net,256,256,1,fixed-val128,0.590277777778,1.40740695547e-05,1.72498837606e-05,5.45489220565e-07,1000,radial_profile_bin,,,,,,,,
U-Net,256,256,1,fixed-val128,0.604166666667,1.34276056574e-05,1.6130471578e-05,5.1009029919e-07,1000,radial_profile_bin,,,,,,,,
U-Net,256,256,1,fixed-val128,0.618055555556,8.64214194676e-06,1.02904079473e-05,3.25411271659e-07,1000,radial_profile_bin,,,,,,,,
U-Net,256,256,1,fixed-val128,0.631944444444,1.14307940478e-05,1.46635865689e-05,4.63703322247e-07,1000,radial_profile_bin,,,,,,,,
U-Net,256,256,1,fixed-val128,0.645833333333,1.08610552609e-05,1.57229828179e-05,4.97204373161e-07,1000,radial_profile_bin,,,,,,,,
U-Net,256,256,1,fixed-val128,0.659722222222,1.18003609997e-05,1.71849437955e-05,5.43435638558e-07,1000,radial_profile_bin,,,,,,,,
U-Net,256,256,1,fixed-val128,0.673611111111,1.34616264577e-05,2.00737752546e-05,6.34788510429e-07,1000,radial_profile_bin,,,,,,,,
U-Net,256,256,1,fixed-val128,0.6875,1.03020746734e-05,1.49179103274e-05,4.71745745646e-07,1000,radial_profile_bin,,,,,,,,
U-Net,256,256,1,fixed-val128,0.701388888889,1.89524290032e-05,2.64130856089e-05,8.35255105571e-07,1000,radial_profile_bin,,,,,,,,
U-Net,256,256,1,fixed-val128,0.715277777778,1.48949999474e-05,1.88121884324e-05,5.94893632185e-07,1000,radial_profile_bin,,,,,,,,
U-Net,256,256,1,fixed-val128,0.729166666667,1.33916790986e-05,2.00099809993e-05,6.32771158944e-07,1000,radial_profile_bin,,,,,,,,
U-Net,256,256,1,fixed-val128,0.743055555556,7.92870906997e-06,1.05804612516e-05,3.34583562504e-07,1000,radial_profile_bin,,,,,,,,
U-Net,256,256,1,fixed-val128,0.756944444444,1.04883917064e-05,1.22199278141e-05,3.86428047355e-07,1000,radial_profile_bin,,,,,,,,
U-Net,256,256,1,fixed-val128,0.770833333333,1.01771649337e-05,1.24226325832e-05,3.92838134983e-07,1000,radial_profile_bin,,,,,,,,
U-Net,256,256,1,fixed-val128,0.784722222222,1.05888868601e-05,1.46695185101e-05,4.638909067e-07,1000,radial_profile_bin,,,,,,,,
U-Net,256,256,1,fixed-val128,0.798611111111,1.34954160421e-05,1.96457467006e-05,6.21253059085e-07,1000,radial_profile_bin,,,,,,,,
U-Net,256,256,1,fixed-val128,0.8125,1.02098835356e-05,1.36657048702e-05,4.32147532215e-07,1000,radial_profile_bin,,,,,,,,
U-Net,256,256,1,fixed-val128,0.826388888889,1.71900809887e-05,2.38382662738e-05,7.53832168949e-07,1000,radial_profile_bin,,,,,,,,
U-Net,256,256,1,fixed-val128,0.840277777778,1.8008455931e-05,2.28503443582e-05,7.22591334911e-07,1000,radial_profile_bin,,,,,,,,
U-Net,256,256,1,fixed-val128,0.854166666667,1.78225978019e-05,2.13030901554e-05,6.7366286091e-07,1000,radial_profile_bin,,,,,,,,
U-Net,256,256,1,fixed-val128,0.868055555556,1.05123454068e-05,1.23882070272e-05,3.91749503318e-07,1000,radial_profile_bin,,,,,,,,
U-Net,256,256,1,fixed-val128,0.881944444444,1.88188156519e-05,2.13621572735e-05,6.7553072719e-07,1000,radial_profile_bin,,,,,,,,
U-Net,256,256,1,fixed-val128,0.895833333333,1.78647874567e-05,2.09615726463e-05,6.62863129015e-07,1000,radial_profile_bin,,,,,,,,
U-Net,256,256,1,fixed-val128,0.909722222222,1.77665026435e-05,1.98876633872e-05,6.28903136422e-07,1000,radial_profile_bin,,,,,,,,
U-Net,256,256,1,fixed-val128,0.923611111111,2.32820594705e-05,2.51551088245e-05,7.95474386749e-07,1000,radial_profile_bin,,,,,,,,
U-Net,256,256,1,fixed-val128,0.9375,1.67460772265e-05,1.9159119107e-05,6.05864543405e-07,1000,radial_profile_bin,,,,,,,,
U-Net,256,256,1,fixed-val128,0.951388888889,3.5779153266e-05,3.83986850934e-05,1.21427304051e-06,1000,radial_profile_bin,,,,,,,,
U-Net,256,256,1,fixed-val128,0.965277777778,5.61758535723e-05,5.98030994321e-05,1.89114005343e-06,1000,radial_profile_bin,,,,,,,,
U-Net,256,256,1,fixed-val128,0.979166666667,0.000100941707676,0.00011614117389,3.67270639618e-06,1000,radial_profile_bin,,,,,,,,
U-Net,256,256,1,fixed-val128,0.993055555556,0.000130672437769,0.000215126318139,6.80289149967e-06,1000,radial_profile_bin,,,,,,,,
ResNet,32,256,1,fixed-val128,0.00694444444444,1.72860086281,0.890630732033,0.0281642166737,1000,radial_profile_bin,,,,,,,,
ResNet,32,256,1,fixed-val128,0.0208333333333,0.618809577677,0.52099877786,0.016475427962,1000,radial_profile_bin,,,,,,,,
ResNet,32,256,1,fixed-val128,0.0347222222222,0.288639666912,0.367375913309,0.0116174464354,1000,radial_profile_bin,,,,,,,,
ResNet,32,256,1,fixed-val128,0.0486111111111,0.174245234295,0.308174607952,0.00974533678156,1000,radial_profile_bin,,,,,,,,
ResNet,32,256,1,fixed-val128,0.0625,0.074456212853,0.192138549131,0.00607595441574,1000,radial_profile_bin,,,,,,,,
ResNet,32,256,1,fixed-val128,0.0763888888889,0.0737647839879,0.202367974541,0.00639943725023,1000,radial_profile_bin,,,,,,,,
ResNet,32,256,1,fixed-val128,0.0902777777778,0.0602066125068,0.217444445776,0.00687619713207,1000,radial_profile_bin,,,,,,,,
ResNet,32,256,1,fixed-val128,0.104166666667,0.0643888058131,0.278766544167,0.00881537215023,1000,radial_profile_bin,,,,,,,,
ResNet,32,256,1,fixed-val128,0.118055555556,0.0348341401632,0.157486271779,0.0049801531903,1000,radial_profile_bin,,,,,,,,
ResNet,32,256,1,fixed-val128,0.131944444444,0.0630481616187,0.303841922732,0.00960832524478,1000,radial_profile_bin,,,,,,,,
ResNet,32,256,1,fixed-val128,0.145833333333,0.0574678663142,0.287066343599,0.0090778348535,1000,radial_profile_bin,,,,,,,,
ResNet,32,256,1,fixed-val128,0.159722222222,0.0473202159953,0.241196191057,0.00762729326696,1000,radial_profile_bin,,,,,,,,
ResNet,32,256,1,fixed-val128,0.173611111111,0.0352999738514,0.180877629547,0.0057198528714,1000,radial_profile_bin,,,,,,,,
ResNet,32,256,1,fixed-val128,0.1875,0.0140571537425,0.071329292268,0.00225563027455,1000,radial_profile_bin,,,,,,,,
ResNet,32,256,1,fixed-val128,0.201388888889,0.0204865573198,0.105212830015,0.00332712181919,1000,radial_profile_bin,,,,,,,,
ResNet,32,256,1,fixed-val128,0.215277777778,0.0143965521468,0.0743570303779,0.0023513757604,1000,radial_profile_bin,,,,,,,,
ResNet,32,256,1,fixed-val128,0.229166666667,0.0100770685118,0.0526217742605,0.00166404661183,1000,radial_profile_bin,,,,,,,,
ResNet,32,256,1,fixed-val128,0.243055555556,0.00408129411331,0.0211651617443,0.000669301181578,1000,radial_profile_bin,,,,,,,,
ResNet,32,256,1,fixed-val128,0.256944444444,0.00575006846092,0.0305670504251,0.000966615006964,1000,radial_profile_bin,,,,,,,,
ResNet,32,256,1,fixed-val128,0.270833333333,0.00394494332117,0.0210849595608,0.000666764965848,1000,radial_profile_bin,,,,,,,,
ResNet,32,256,1,fixed-val128,0.284722222222,0.00275689666852,0.0148197112194,0.000468640417194,1000,radial_profile_bin,,,,,,,,
ResNet,32,256,1,fixed-val128,0.298611111111,0.00204173256874,0.0109527515258,0.000346356414674,1000,radial_profile_bin,,,,,,,,
ResNet,32,256,1,fixed-val128,0.3125,0.000957947009626,0.00507914993238,0.000160616823638,1000,radial_profile_bin,,,,,,,,
ResNet,32,256,1,fixed-val128,0.326388888889,0.00139251384272,0.00757658604543,0.000239592687918,1000,radial_profile_bin,,,,,,,,
ResNet,32,256,1,fixed-val128,0.340277777778,0.00113367520951,0.00620948711505,0.00019636122385,1000,radial_profile_bin,,,,,,,,
ResNet,32,256,1,fixed-val128,0.354166666667,0.000937245348199,0.00515001575004,0.000162857797559,1000,radial_profile_bin,,,,,,,,
ResNet,32,256,1,fixed-val128,0.368055555556,0.000465967404413,0.00251179839919,7.94300396462e-05,1000,radial_profile_bin,,,,,,,,
ResNet,32,256,1,fixed-val128,0.381944444444,0.000745032320501,0.00405682431174,0.000128288048923,1000,radial_profile_bin,,,,,,,,
ResNet,32,256,1,fixed-val128,0.395833333333,0.000627878203601,0.00336608158738,0.000106444846061,1000,radial_profile_bin,,,,,,,,
ResNet,32,256,1,fixed-val128,0.409722222222,0.000528096645259,0.00276281034071,8.73677341972e-05,1000,radial_profile_bin,,,,,,,,
ResNet,32,256,1,fixed-val128,0.423611111111,0.000444495475614,0.00228151288716,7.21477723446e-05,1000,radial_profile_bin,,,,,,,,
ResNet,32,256,1,fixed-val128,0.4375,0.000231761526036,0.00117522335538,3.71638256244e-05,1000,radial_profile_bin,,,,,,,,
ResNet,32,256,1,fixed-val128,0.451388888889,0.000360958883902,0.00184710217139,5.84104993262e-05,1000,radial_profile_bin,,,,,,,,
ResNet,32,256,1,fixed-val128,0.465277777778,0.000330846718088,0.00171558701212,5.4251624825e-05,1000,radial_profile_bin,,,,,,,,
ResNet,32,256,1,fixed-val128,0.479166666667,0.000300357654516,0.00158543931834,5.01359933794e-05,1000,radial_profile_bin,,,,,,,,
ResNet,32,256,1,fixed-val128,0.493055555556,0.000161039056625,0.000851638360755,2.69311696276e-05,1000,radial_profile_bin,,,,,,,,
ResNet,32,256,1,fixed-val128,0.506944444444,0.000269898248258,0.00145517771148,4.60167596858e-05,1000,radial_profile_bin,,,,,,,,
ResNet,32,256,1,fixed-val128,0.520833333333,0.000248356173834,0.00134566525891,4.25536718631e-05,1000,radial_profile_bin,,,,,,,,
ResNet,32,256,1,fixed-val128,0.534722222222,0.000228247958236,0.00124167404375,3.92651808976e-05,1000,radial_profile_bin,,,,,,,,
ResNet,32,256,1,fixed-val128,0.548611111111,0.000210684438665,0.00114426966441,3.61849839696e-05,1000,radial_profile_bin,,,,,,,,
ResNet,32,256,1,fixed-val128,0.5625,0.000118001554536,0.000641119122589,2.02739667887e-05,1000,radial_profile_bin,,,,,,,,
ResNet,32,256,1,fixed-val128,0.576388888889,0.000196057607953,0.00107084957061,3.38632367454e-05,1000,radial_profile_bin,,,,,,,,
ResNet,32,256,1,fixed-val128,0.590277777778,0.000186244971764,0.00101404073967,3.20667837757e-05,1000,radial_profile_bin,,,,,,,,
ResNet,32,256,1,fixed-val128,0.604166666667,0.000173893447778,0.000933623332048,2.95237620595e-05,1000,radial_profile_bin,,,,,,,,
ResNet,32,256,1,fixed-val128,0.618055555556,9.32067768013e-05,0.00049086027379,1.55223647807e-05,1000,radial_profile_bin,,,,,,,,
ResNet,32,256,1,fixed-val128,0.631944444444,0.000160617556511,0.000834722466959,2.63962420971e-05,1000,radial_profile_bin,,,,,,,,
ResNet,32,256,1,fixed-val128,0.645833333333,0.000151678967658,0.000768750273853,2.43100181725e-05,1000,radial_profile_bin,,,,,,,,
ResNet,32,256,1,fixed-val128,0.659722222222,0.000145349165945,0.000722348164196,2.2842654625e-05,1000,radial_profile_bin,,,,,,,,
ResNet,32,256,1,fixed-val128,0.673611111111,0.000141819167494,0.000695069841689,2.19800383263e-05,1000,radial_profile_bin,,,,,,,,
ResNet,32,256,1,fixed-val128,0.6875,8.02397061886e-05,0.000397120965744,1.25580675836e-05,1000,radial_profile_bin,,,,,,,,
ResNet,32,256,1,fixed-val128,0.701388888889,0.00014587371395,0.000722005232526,2.28318101734e-05,1000,radial_profile_bin,,,,,,,,
ResNet,32,256,1,fixed-val128,0.715277777778,0.000151671598974,0.000761496394009,2.40806303507e-05,1000,radial_profile_bin,,,,,,,,
ResNet,32,256,1,fixed-val128,0.729166666667,0.000158590952223,0.000809582360162,2.56012421161e-05,1000,radial_profile_bin,,,,,,,,
ResNet,32,256,1,fixed-val128,0.743055555556,8.93551415237e-05,0.000462829894022,1.46359663432e-05,1000,radial_profile_bin,,,,,,,,
ResNet,32,256,1,fixed-val128,0.756944444444,0.000176025001588,0.000927663471732,2.93352947281e-05,1000,radial_profile_bin,,,,,,,,
ResNet,32,256,1,fixed-val128,0.770833333333,0.000188326084661,0.00101305114298,3.20354899806e-05,1000,radial_profile_bin,,,,,,,,
ResNet,32,256,1,fixed-val128,0.784722222222,0.000202488561795,0.00111005545656,3.51030357183e-05,1000,radial_profile_bin,,,,,,,,
ResNet,32,256,1,fixed-val128,0.798611111111,0.000215230161943,0.00120185967675,3.80061400646e-05,1000,radial_profile_bin,,,,,,,,
ResNet,32,256,1,fixed-val128,0.8125,0.000121445626097,0.000685946883297,2.16915450511e-05,1000,radial_profile_bin,,,,,,,,
ResNet,32,256,1,fixed-val128,0.826388888889,0.00024029210524,0.00138079430674,4.36645498949e-05,1000,radial_profile_bin,,,,,,,,
ResNet,32,256,1,fixed-val128,0.840277777778,0.000257836601408,0.00150538748847,4.7604532247e-05,1000,radial_profile_bin,,,,,,,,
ResNet,32,256,1,fixed-val128,0.854166666667,0.000276683637015,0.00163717835964,5.1772125524e-05,1000,radial_profile_bin,,,,,,,,
ResNet,32,256,1,fixed-val128,0.868055555556,0.000151076275934,0.000897967886971,2.83962378852e-05,1000,radial_profile_bin,,,,,,,,
ResNet,32,256,1,fixed-val128,0.881944444444,0.000304097513057,0.00182579585586,5.77367344702e-05,1000,radial_profile_bin,,,,,,,,
ResNet,32,256,1,fixed-val128,0.895833333333,0.000316092057942,0.00190990754059,6.03965794859e-05,1000,radial_profile_bin,,,,,,,,
ResNet,32,256,1,fixed-val128,0.909722222222,0.000324911480063,0.00197320592705,6.23982502202e-05,1000,radial_profile_bin,,,,,,,,
ResNet,32,256,1,fixed-val128,0.923611111111,0.000332814534005,0.00203131190271,6.42357225077e-05,1000,radial_profile_bin,,,,,,,,
ResNet,32,256,1,fixed-val128,0.9375,0.000175029735482,0.00106923775905,3.38122667884e-05,1000,radial_profile_bin,,,,,,,,
ResNet,32,256,1,fixed-val128,0.951388888889,0.000344609033434,0.00212020530146,6.70467785978e-05,1000,radial_profile_bin,,,,,,,,
ResNet,32,256,1,fixed-val128,0.965277777778,0.000349399434234,0.00215831358071,6.82518681993e-05,1000,radial_profile_bin,,,,,,,,
ResNet,32,256,1,fixed-val128,0.979166666667,0.000351478466739,0.00217778391672,6.8867574285e-05,1000,radial_profile_bin,,,,,,,,
ResNet,32,256,1,fixed-val128,0.993055555556,0.000254406313798,0.00158148352353,5.00109001637e-05,1000,radial_profile_bin,,,,,,,,
ResNet,64,256,1,fixed-val128,0.00694444444444,0.628071242506,0.27138346631,0.00858189872851,1000,radial_profile_bin,,,,,,,,
ResNet,64,256,1,fixed-val128,0.0208333333333,0.114591801074,0.0642395623878,0.00203143333038,1000,radial_profile_bin,,,,,,,,
ResNet,64,256,1,fixed-val128,0.0347222222222,0.0566146872026,0.0324021245547,0.00102464514621,1000,radial_profile_bin,,,,,,,,
ResNet,64,256,1,fixed-val128,0.0486111111111,0.0190249438444,0.0120841568258,0.000382134591723,1000,radial_profile_bin,,,,,,,,
ResNet,64,256,1,fixed-val128,0.0625,0.00373336687566,0.00295287588061,9.33781343049e-05,1000,radial_profile_bin,,,,,,,,
ResNet,64,256,1,fixed-val128,0.0763888888889,0.00221637571466,0.00188639729353,5.96531201954e-05,1000,radial_profile_bin,,,,,,,,
ResNet,64,256,1,fixed-val128,0.0902777777778,0.00111228743878,0.00111351081398,3.52123037141e-05,1000,radial_profile_bin,,,,,,,,
ResNet,64,256,1,fixed-val128,0.104166666667,0.000820104508288,0.000740730611466,2.34239586484e-05,1000,radial_profile_bin,,,,,,,,
ResNet,64,256,1,fixed-val128,0.118055555556,0.000364442174032,0.000306251746379,9.68453055962e-06,1000,radial_profile_bin,,,,,,,,
ResNet,64,256,1,fixed-val128,0.131944444444,0.00047814865569,0.000382924447453,1.21091342571e-05,1000,radial_profile_bin,,,,,,,,
ResNet,64,256,1,fixed-val128,0.145833333333,0.000354879499769,0.000373362362022,1.18067545657e-05,1000,radial_profile_bin,,,,,,,,
ResNet,64,256,1,fixed-val128,0.159722222222,0.000258300202849,0.000365421339798,1.15556373939e-05,1000,radial_profile_bin,,,,,,,,
ResNet,64,256,1,fixed-val128,0.173611111111,0.000161423978183,0.000229322597733,7.25181727783e-06,1000,radial_profile_bin,,,,,,,,
ResNet,64,256,1,fixed-val128,0.1875,6.73437976495e-05,8.28210991436e-05,2.61903311612e-06,1000,radial_profile_bin,,,,,,,,
ResNet,64,256,1,fixed-val128,0.201388888889,9.09270217531e-05,9.79899329895e-05,3.09871376014e-06,1000,radial_profile_bin,,,,,,,,
ResNet,64,256,1,fixed-val128,0.215277777778,8.02508856334e-05,7.50204907367e-05,2.37235621911e-06,1000,radial_profile_bin,,,,,,,,
ResNet,64,256,1,fixed-val128,0.229166666667,7.43758894101e-05,8.08351473468e-05,2.55623180611e-06,1000,radial_profile_bin,,,,,,,,
ResNet,64,256,1,fixed-val128,0.243055555556,3.93743043111e-05,5.5108641862e-05,1.74268827042e-06,1000,radial_profile_bin,,,,,,,,
ResNet,64,256,1,fixed-val128,0.256944444444,5.69423160657e-05,9.76747076491e-05,3.08874545962e-06,1000,radial_profile_bin,,,,,,,,
ResNet,64,256,1,fixed-val128,0.270833333333,4.17305035367e-05,7.02416666483e-05,2.22123653255e-06,1000,radial_profile_bin,,,,,,,,
ResNet,64,256,1,fixed-val128,0.284722222222,3.15745763145e-05,3.93523714052e-05,1.24443124969e-06,1000,radial_profile_bin,,,,,,,,
ResNet,64,256,1,fixed-val128,0.298611111111,2.7586794469e-05,2.82378498953e-05,8.9295921895e-07,1000,radial_profile_bin,,,,,,,,
ResNet,64,256,1,fixed-val128,0.3125,1.52532397924e-05,1.80032982315e-05,5.69314278067e-07,1000,radial_profile_bin,,,,,,,,
ResNet,64,256,1,fixed-val128,0.326388888889,2.37776134003e-05,2.52746090366e-05,7.99253315261e-07,1000,radial_profile_bin,,,,,,,,
ResNet,64,256,1,fixed-val128,0.340277777778,2.19452148654e-05,2.45142227478e-05,7.75207789516e-07,1000,radial_profile_bin,,,,,,,,
ResNet,64,256,1,fixed-val128,0.354166666667,2.01831721261e-05,2.26348347962e-05,7.15776324177e-07,1000,radial_profile_bin,,,,,,,,
ResNet,64,256,1,fixed-val128,0.368055555556,1.06462075519e-05,1.33024973286e-05,4.20661901266e-07,1000,radial_profile_bin,,,,,,,,
ResNet,64,256,1,fixed-val128,0.381944444444,1.78730920789e-05,1.95891577878e-05,6.19463560538e-07,1000,radial_profile_bin,,,,,,,,
ResNet,64,256,1,fixed-val128,0.395833333333,1.61811999168e-05,1.72828768699e-05,5.46532554291e-07,1000,radial_profile_bin,,,,,,,,
ResNet,64,256,1,fixed-val128,0.409722222222,1.49791123312e-05,1.60675733514e-05,5.08101282621e-07,1000,radial_profile_bin,,,,,,,,
ResNet,64,256,1,fixed-val128,0.423611111111,1.39926305271e-05,1.46005639226e-05,4.61710371183e-07,1000,radial_profile_bin,,,,,,,,
ResNet,64,256,1,fixed-val128,0.4375,7.59650880221e-06,9.55796841866e-06,3.02249500069e-07,1000,radial_profile_bin,,,,,,,,
ResNet,64,256,1,fixed-val128,0.451388888889,1.31509560985e-05,1.45804409062e-05,4.61074025531e-07,1000,radial_profile_bin,,,,,,,,
ResNet,64,256,1,fixed-val128,0.465277777778,1.27051396986e-05,1.49940203994e-05,4.74152557452e-07,1000,radial_profile_bin,,,,,,,,
ResNet,64,256,1,fixed-val128,0.479166666667,1.21646893157e-05,1.48104059247e-05,4.68346157937e-07,1000,radial_profile_bin,,,,,,,,
ResNet,64,256,1,fixed-val128,0.493055555556,6.40581156999e-06,8.6658678451e-06,2.74038802925e-07,1000,radial_profile_bin,,,,,,,,
ResNet,64,256,1,fixed-val128,0.506944444444,1.18446333789e-05,1.56377602571e-05,4.94509399162e-07,1000,radial_profile_bin,,,,,,,,
ResNet,64,256,1,fixed-val128,0.520833333333,1.19584993118e-05,1.64110127797e-05,5.18961790939e-07,1000,radial_profile_bin,,,,,,,,
ResNet,64,256,1,fixed-val128,0.534722222222,1.20011451066e-05,1.70998862765e-05,5.40745883635e-07,1000,radial_profile_bin,,,,,,,,
ResNet,64,256,1,fixed-val128,0.548611111111,1.20802497472e-05,1.76738851132e-05,5.58897320619e-07,1000,radial_profile_bin,,,,,,,,
ResNet,64,256,1,fixed-val128,0.5625,6.54180560636e-06,1.017545668e-05,3.21776193411e-07,1000,radial_profile_bin,,,,,,,,
ResNet,64,256,1,fixed-val128,0.576388888889,1.259444763e-05,1.96095149324e-05,6.20107309975e-07,1000,radial_profile_bin,,,,,,,,
ResNet,64,256,1,fixed-val128,0.590277777778,1.28780184607e-05,2.08120866854e-05,6.58135967866e-07,1000,radial_profile_bin,,,,,,,,
ResNet,64,256,1,fixed-val128,0.604166666667,1.3044747764e-05,2.15248297472e-05,6.80674882484e-07,1000,radial_profile_bin,,,,,,,,
ResNet,64,256,1,fixed-val128,0.618055555556,6.81895054325e-06,1.14033710395e-05,3.60606254887e-07,1000,radial_profile_bin,,,,,,,,
ResNet,64,256,1,fixed-val128,0.631944444444,1.31958733724e-05,2.20702151365e-05,6.97921482811e-07,1000,radial_profile_bin,,,,,,,,
ResNet,64,256,1,fixed-val128,0.645833333333,1.32322437608e-05,2.21998089587e-05,7.02019599302e-07,1000,radial_profile_bin,,,,,,,,
ResNet,64,256,1,fixed-val128,0.659722222222,1.32585068532e-05,2.2406393102e-05,7.08552363514e-07,1000,radial_profile_bin,,,,,,,,
ResNet,64,256,1,fixed-val128,0.673611111111,1.32658876483e-05,2.26212794435e-05,7.15347666285e-07,1000,radial_profile_bin,,,,,,,,
ResNet,64,256,1,fixed-val128,0.6875,6.86889003806e-06,1.18377465037e-05,3.74342413155e-07,1000,radial_profile_bin,,,,,,,,
ResNet,64,256,1,fixed-val128,0.701388888889,1.32424037766e-05,2.28526375113e-05,7.22663850781e-07,1000,radial_profile_bin,,,,,,,,
ResNet,64,256,1,fixed-val128,0.715277777778,1.31159110779e-05,2.26534938353e-05,7.163663748e-07,1000,radial_profile_bin,,,,,,,,
ResNet,64,256,1,fixed-val128,0.729166666667,1.28622414503e-05,2.20907887244e-05,6.98572076788e-07,1000,radial_profile_bin,,,,,,,,
ResNet,64,256,1,fixed-val128,0.743055555556,6.47671545059e-06,1.11040374567e-05,3.51140495869e-07,1000,radial_profile_bin,,,,,,,,
ResNet,64,256,1,fixed-val128,0.756944444444,1.23486934802e-05,2.09930885934e-05,6.6385975077e-07,1000,radial_profile_bin,,,,,,,,
ResNet,64,256,1,fixed-val128,0.770833333333,1.19292101742e-05,2.01401851771e-05,6.3688857657e-07,1000,radial_profile_bin,,,,,,,,
ResNet,64,256,1,fixed-val128,0.784722222222,1.16162814318e-05,1.95398310405e-05,6.17903711829e-07,1000,radial_profile_bin,,,,,,,,
ResNet,64,256,1,fixed-val128,0.798611111111,1.13673887657e-05,1.90241212763e-05,6.01595537164e-07,1000,radial_profile_bin,,,,,,,,
ResNet,64,256,1,fixed-val128,0.8125,5.80363466409e-06,9.68469202544e-06,3.06256852376e-07,1000,radial_profile_bin,,,,,,,,
ResNet,64,256,1,fixed-val128,0.826388888889,1.10026799858e-05,1.78885779223e-05,5.6568650336e-07,1000,radial_profile_bin,,,,,,,,
ResNet,64,256,1,fixed-val128,0.840277777778,1.04863082703e-05,1.64236800272e-05,5.19362364479e-07,1000,radial_profile_bin,,,,,,,,
ResNet,64,256,1,fixed-val128,0.854166666667,9.89505373816e-06,1.49697844547e-05,4.73386149586e-07,1000,radial_profile_bin,,,,,,,,
ResNet,64,256,1,fixed-val128,0.868055555556,4.90468422437e-06,7.39259245904e-06,2.3377429984e-07,1000,radial_profile_bin,,,,,,,,
ResNet,64,256,1,fixed-val128,0.881944444444,9.33320767747e-06,1.38560288257e-05,4.38166104142e-07,1000,radial_profile_bin,,,,,,,,
ResNet,64,256,1,fixed-val128,0.895833333333,9.11325793034e-06,1.35182882574e-05,4.27485809602e-07,1000,radial_profile_bin,,,,,,,,
ResNet,64,256,1,fixed-val128,0.909722222222,8.83425302229e-06,1.310464476e-05,4.14405253691e-07,1000,radial_profile_bin,,,,,,,,
ResNet,64,256,1,fixed-val128,0.923611111111,8.51603100826e-06,1.26131088229e-05,3.98861522558e-07,1000,radial_profile_bin,,,,,,,,
ResNet,64,256,1,fixed-val128,0.9375,4.26617980468e-06,6.43209502706e-06,2.03400704122e-07,1000,radial_profile_bin,,,,,,,,
ResNet,64,256,1,fixed-val128,0.951388888889,8.12630438527e-06,1.21254332669e-05,3.83439867397e-07,1000,radial_profile_bin,,,,,,,,
ResNet,64,256,1,fixed-val128,0.965277777778,7.94442648844e-06,1.19280816214e-05,3.77199060399e-07,1000,radial_profile_bin,,,,,,,,
ResNet,64,256,1,fixed-val128,0.979166666667,7.81810352298e-06,1.18423825555e-05,3.74489017985e-07,1000,radial_profile_bin,,,,,,,,
ResNet,64,256,1,fixed-val128,0.993055555556,5.60693689528e-06,8.52746015858e-06,2.69661967574e-07,1000,radial_profile_bin,,,,,,,,
ResNet,128,256,1,fixed-val128,0.00694444444444,0.10453449918,0.0555176329384,0.00175562170386,1000,radial_profile_bin,,,,,,,,
ResNet,128,256,1,fixed-val128,0.0208333333333,0.187621128782,0.0755898640036,0.00239036138274,1000,radial_profile_bin,,,,,,,,
ResNet,128,256,1,fixed-val128,0.0347222222222,0.0252558155286,0.0142398912017,0.000450304898304,1000,radial_profile_bin,,,,,,,,
ResNet,128,256,1,fixed-val128,0.0486111111111,0.00656624455544,0.00347752735403,0.000109969070643,1000,radial_profile_bin,,,,,,,,
ResNet,128,256,1,fixed-val128,0.0625,0.00186504899256,0.00101196218074,3.20010539708e-05,1000,radial_profile_bin,,,,,,,,
ResNet,128,256,1,fixed-val128,0.0763888888889,0.00152017640147,0.00100115074155,3.16591662447e-05,1000,radial_profile_bin,,,,,,,,
ResNet,128,256,1,fixed-val128,0.0902777777778,0.001080851818,0.000804158668223,2.54297299175e-05,1000,radial_profile_bin,,,,,,,,
ResNet,128,256,1,fixed-val128,0.104166666667,0.000569689965146,0.00054973699512,1.73842101864e-05,1000,radial_profile_bin,,,,,,,,
ResNet,128,256,1,fixed-val128,0.118055555556,0.000280430692612,0.000281050979179,8.88761232827e-06,1000,radial_profile_bin,,,,,,,,
ResNet,128,256,1,fixed-val128,0.131944444444,0.00035545535564,0.000321210856531,1.01575791581e-05,1000,radial_profile_bin,,,,,,,,
ResNet,128,256,1,fixed-val128,0.145833333333,0.000206797299897,0.00021545284623,6.81321722454e-06,1000,radial_profile_bin,,,,,,,,
ResNet,128,256,1,fixed-val128,0.159722222222,0.000151871243683,0.000145666049999,4.60636495758e-06,1000,radial_profile_bin,,,,,,,,
ResNet,128,256,1,fixed-val128,0.173611111111,0.000128920657946,0.000123024839143,3.89038700467e-06,1000,radial_profile_bin,,,,,,,,
ResNet,128,256,1,fixed-val128,0.1875,5.54243188917e-05,6.77380110238e-05,2.14206399005e-06,1000,radial_profile_bin,,,,,,,,
ResNet,128,256,1,fixed-val128,0.201388888889,6.26869793089e-05,6.82193978378e-05,2.15728677772e-06,1000,radial_profile_bin,,,,,,,,
ResNet,128,256,1,fixed-val128,0.215277777778,6.00757292515e-05,6.2696407934e-05,1.98263450183e-06,1000,radial_profile_bin,,,,,,,,
ResNet,128,256,1,fixed-val128,0.229166666667,4.28298547118e-05,4.58694341744e-05,1.45051886974e-06,1000,radial_profile_bin,,,,,,,,
ResNet,128,256,1,fixed-val128,0.243055555556,2.46531244374e-05,3.11818899986e-05,9.86057941444e-07,1000,radial_profile_bin,,,,,,,,
ResNet,128,256,1,fixed-val128,0.256944444444,3.63951289145e-05,3.71588301161e-05,1.17506538354e-06,1000,radial_profile_bin,,,,,,,,
ResNet,128,256,1,fixed-val128,0.270833333333,3.19629717488e-05,3.42791309699e-05,1.08400130076e-06,1000,radial_profile_bin,,,,,,,,
ResNet,128,256,1,fixed-val128,0.284722222222,3.40800521804e-05,2.9463549216e-05,9.31719234751e-07,1000,radial_profile_bin,,,,,,,,
ResNet,128,256,1,fixed-val128,0.298611111111,2.69725136778e-05,2.75161173748e-05,8.7013603269e-07,1000,radial_profile_bin,,,,,,,,
ResNet,128,256,1,fixed-val128,0.3125,1.61317829378e-05,2.10319461618e-05,6.65088534974e-07,1000,radial_profile_bin,,,,,,,,
ResNet,128,256,1,fixed-val128,0.326388888889,2.73927798992e-05,2.80963975284e-05,8.88486102353e-07,1000,radial_profile_bin,,,,,,,,
ResNet,128,256,1,fixed-val128,0.340277777778,2.23244777105e-05,2.34752378157e-05,7.42352201116e-07,1000,radial_profile_bin,,,,,,,,
ResNet,128,256,1,fixed-val128,0.354166666667,1.81295865362e-05,1.93258116327e-05,6.11135823907e-07,1000,radial_profile_bin,,,,,,,,
ResNet,128,256,1,fixed-val128,0.368055555556,8.82274231743e-06,1.06831621643e-05,3.37831250521e-07,1000,radial_profile_bin,,,,,,,,
ResNet,128,256,1,fixed-val128,0.381944444444,1.38811991272e-05,1.4989083564e-05,4.73996441009e-07,1000,radial_profile_bin,,,,,,,,
ResNet,128,256,1,fixed-val128,0.395833333333,1.26148719553e-05,1.2844755135e-05,4.06186822139e-07,1000,radial_profile_bin,,,,,,,,
ResNet,128,256,1,fixed-val128,0.409722222222,1.11068638931e-05,1.13596539319e-05,3.5922379856e-07,1000,radial_profile_bin,,,,,,,,
ResNet,128,256,1,fixed-val128,0.423611111111,9.74482110661e-06,9.81365507811e-06,3.10335022181e-07,1000,radial_profile_bin,,,,,,,,
ResNet,128,256,1,fixed-val128,0.4375,5.30285067675e-06,5.70224513658e-06,1.80320824082e-07,1000,radial_profile_bin,,,,,,,,
ResNet,128,256,1,fixed-val128,0.451388888889,9.17828172419e-06,9.13102521879e-06,2.88748370638e-07,1000,radial_profile_bin,,,,,,,,
ResNet,128,256,1,fixed-val128,0.465277777778,8.88896877892e-06,9.29516870491e-06,2.9393904343e-07,1000,radial_profile_bin,,,,,,,,
ResNet,128,256,1,fixed-val128,0.479166666667,8.11489302644e-06,8.77224019663e-06,2.77402592034e-07,1000,radial_profile_bin,,,,,,,,
ResNet,128,256,1,fixed-val128,0.493055555556,4.31176467056e-06,5.15398296876e-06,1.6298325203e-07,1000,radial_profile_bin,,,,,,,,
ResNet,128,256,1,fixed-val128,0.506944444444,7.76822559942e-06,9.08605884302e-06,2.87326408983e-07,1000,radial_profile_bin,,,,,,,,
ResNet,128,256,1,fixed-val128,0.520833333333,7.39774151656e-06,9.09149257874e-06,2.87498238793e-07,1000,radial_profile_bin,,,,,,,,
ResNet,128,256,1,fixed-val128,0.534722222222,6.89478156659e-06,8.75523228907e-06,2.76864754773e-07,1000,radial_profile_bin,,,,,,,,
ResNet,128,256,1,fixed-val128,0.548611111111,6.52534376345e-06,8.4037217122e-06,2.65749014328e-07,1000,radial_profile_bin,,,,,,,,
ResNet,128,256,1,fixed-val128,0.5625,3.43157976094e-06,4.77201402713e-06,1.5090433352e-07,1000,radial_profile_bin,,,,,,,,
ResNet,128,256,1,fixed-val128,0.576388888889,6.04270898561e-06,8.25230191157e-06,2.60960699799e-07,1000,radial_profile_bin,,,,,,,,
ResNet,128,256,1,fixed-val128,0.590277777778,5.69298199057e-06,7.9269738538e-06,2.50672923306e-07,1000,radial_profile_bin,,,,,,,,
ResNet,128,256,1,fixed-val128,0.604166666667,5.22106886073e-06,7.38282544677e-06,2.33465439792e-07,1000,radial_profile_bin,,,,,,,,
ResNet,128,256,1,fixed-val128,0.618055555556,2.63950892246e-06,4.00791371904e-06,1.26741360176e-07,1000,radial_profile_bin,,,,,,,,
ResNet,128,256,1,fixed-val128,0.631944444444,4.84230450158e-06,7.2165030509e-06,2.28205863824e-07,1000,radial_profile_bin,,,,,,,,
ResNet,128,256,1,fixed-val128,0.645833333333,4.60159813435e-06,6.74542049894e-06,2.13308925523e-07,1000,radial_profile_bin,,,,,,,,
ResNet,128,256,1,fixed-val128,0.659722222222,4.23321414521e-06,6.26022394035e-06,1.97965663142e-07,1000,radial_profile_bin,,,,,,,,
ResNet,128,256,1,fixed-val128,0.673611111111,4.1150886333e-06,6.16260747504e-06,1.94878759467e-07,1000,radial_profile_bin,,,,,,,,
ResNet,128,256,1,fixed-val128,0.6875,2.13697656429e-06,3.28469484004e-06,1.03871171131e-07,1000,radial_profile_bin,,,,,,,,
ResNet,128,256,1,fixed-val128,0.701388888889,3.69163736706e-06,5.43748917445e-06,1.71948505438e-07,1000,radial_profile_bin,,,,,,,,
ResNet,128,256,1,fixed-val128,0.715277777778,3.50380093374e-06,5.25666163333e-06,1.66230236501e-07,1000,radial_profile_bin,,,,,,,,
ResNet,128,256,1,fixed-val128,0.729166666667,3.41026136852e-06,5.08295438851e-06,1.60737131104e-07,1000,radial_profile_bin,,,,,,,,
ResNet,128,256,1,fixed-val128,0.743055555556,1.62145235121e-06,2.43254343206e-06,7.6923777526e-08,1000,radial_profile_bin,,,,,,,,
ResNet,128,256,1,fixed-val128,0.756944444444,2.90788548652e-06,4.13002098903e-06,1.30602731096e-07,1000,radial_profile_bin,,,,,,,,
ResNet,128,256,1,fixed-val128,0.770833333333,2.78215140641e-06,3.85080460497e-06,1.2177313376e-07,1000,radial_profile_bin,,,,,,,,
ResNet,128,256,1,fixed-val128,0.784722222222,2.54059537602e-06,3.45775722733e-06,1.09343884343e-07,1000,radial_profile_bin,,,,,,,,
ResNet,128,256,1,fixed-val128,0.798611111111,2.34445537083e-06,3.0648794171e-06,9.69199971181e-08,1000,radial_profile_bin,,,,,,,,
ResNet,128,256,1,fixed-val128,0.8125,1.18122954025e-06,1.62442380409e-06,5.13687910632e-08,1000,radial_profile_bin,,,,,,,,
ResNet,128,256,1,fixed-val128,0.826388888889,2.1114571338e-06,2.75764760678e-06,8.72044742152e-08,1000,radial_profile_bin,,,,,,,,
ResNet,128,256,1,fixed-val128,0.840277777778,2.0520708561e-06,2.68043404717e-06,8.47627670693e-08,1000,radial_profile_bin,,,,,,,,
ResNet,128,256,1,fixed-val128,0.854166666667,1.92501782549e-06,2.49995918887e-06,7.90556509431e-08,1000,radial_profile_bin,,,,,,,,
ResNet,128,256,1,fixed-val128,0.868055555556,9.7409713334e-07,1.31760394243e-06,4.16662951209e-08,1000,radial_profile_bin,,,,,,,,
ResNet,128,256,1,fixed-val128,0.881944444444,1.8513239006e-06,2.44817184259e-06,7.74179912606e-08,1000,radial_profile_bin,,,,,,,,
ResNet,128,256,1,fixed-val128,0.895833333333,1.85450947841e-06,2.49684420437e-06,7.89571464839e-08,1000,radial_profile_bin,,,,,,,,
ResNet,128,256,1,fixed-val128,0.909722222222,1.81084480788e-06,2.44897513221e-06,7.74433935091e-08,1000,radial_profile_bin,,,,,,,,
ResNet,128,256,1,fixed-val128,0.923611111111,1.7859801148e-06,2.48497985914e-06,7.85819629452e-08,1000,radial_profile_bin,,,,,,,,
ResNet,128,256,1,fixed-val128,0.9375,9.33760359828e-07,1.37450050548e-06,4.34655224237e-08,1000,radial_profile_bin,,,,,,,,
ResNet,128,256,1,fixed-val128,0.951388888889,1.75598654139e-06,2.54074826879e-06,8.03455149049e-08,1000,radial_profile_bin,,,,,,,,
ResNet,128,256,1,fixed-val128,0.965277777778,1.72510584748e-06,2.55656013654e-06,8.08455300667e-08,1000,radial_profile_bin,,,,,,,,
ResNet,128,256,1,fixed-val128,0.979166666667,1.71747680394e-06,2.6155862095e-06,8.27120983856e-08,1000,radial_profile_bin,,,,,,,,
ResNet,128,256,1,fixed-val128,0.993055555556,1.25997792879e-06,1.91892031375e-06,6.06815883982e-08,1000,radial_profile_bin,,,,,,,,
ResNet,256,256,1,fixed-val128,0.00694444444444,0.0426920810962,0.0338456973976,0.00107029492773,1000,radial_profile_bin,,,,,,,,
ResNet,256,256,1,fixed-val128,0.0208333333333,0.0270929552005,0.0183650076697,0.000580752534827,1000,radial_profile_bin,,,,,,,,
ResNet,256,256,1,fixed-val128,0.0347222222222,0.00783278426927,0.00551453204089,0.000174384814792,1000,radial_profile_bin,,,,,,,,
ResNet,256,256,1,fixed-val128,0.0486111111111,0.00251967710227,0.0015916518804,5.03324518415e-05,1000,radial_profile_bin,,,,,,,,
ResNet,256,256,1,fixed-val128,0.0625,0.0013143899864,0.000848073613248,2.68184424135e-05,1000,radial_profile_bin,,,,,,,,
ResNet,256,256,1,fixed-val128,0.0763888888889,0.00156365596554,0.00102667241648,3.24662324695e-05,1000,radial_profile_bin,,,,,,,,
ResNet,256,256,1,fixed-val128,0.0902777777778,0.00100721644607,0.000995753458537,3.14884891697e-05,1000,radial_profile_bin,,,,,,,,
ResNet,256,256,1,fixed-val128,0.104166666667,0.000627667039454,0.000570316341878,1.80349862715e-05,1000,radial_profile_bin,,,,,,,,
ResNet,256,256,1,fixed-val128,0.118055555556,0.000428246361153,0.000410387208885,1.29775830268e-05,1000,radial_profile_bin,,,,,,,,
ResNet,256,256,1,fixed-val128,0.131944444444,0.000609314915994,0.000441036577534,1.39468011645e-05,1000,radial_profile_bin,,,,,,,,
ResNet,256,256,1,fixed-val128,0.145833333333,0.000437724583885,0.000426264793104,1.34796763255e-05,1000,radial_profile_bin,,,,,,,,
ResNet,256,256,1,fixed-val128,0.159722222222,0.000254442454004,0.000273930929683,8.66245659367e-06,1000,radial_profile_bin,,,,,,,,
ResNet,256,256,1,fixed-val128,0.173611111111,0.000209725760541,0.000218361362217,6.90519257582e-06,1000,radial_profile_bin,,,,,,,,
ResNet,256,256,1,fixed-val128,0.1875,0.000139500576069,0.000139440009048,4.40948025545e-06,1000,radial_profile_bin,,,,,,,,
ResNet,256,256,1,fixed-val128,0.201388888889,0.000176615208955,0.000207398891546,6.55852881481e-06,1000,radial_profile_bin,,,,,,,,
ResNet,256,256,1,fixed-val128,0.215277777778,0.000170715069734,0.000203686063185,6.44111887297e-06,1000,radial_profile_bin,,,,,,,,
ResNet,256,256,1,fixed-val128,0.229166666667,0.000153569947545,0.000160910448729,5.08843517305e-06,1000,radial_profile_bin,,,,,,,,
ResNet,256,256,1,fixed-val128,0.243055555556,9.90689971233e-05,0.000113110346216,3.57686320972e-06,1000,radial_profile_bin,,,,,,,,
ResNet,256,256,1,fixed-val128,0.256944444444,0.000130514178839,0.00017383570065,5.49716752706e-06,1000,radial_profile_bin,,,,,,,,
ResNet,256,256,1,fixed-val128,0.270833333333,9.80703873556e-05,0.000128462610882,4.06234444559e-06,1000,radial_profile_bin,,,,,,,,
ResNet,256,256,1,fixed-val128,0.284722222222,7.78769138799e-05,0.000107783288418,3.40840685103e-06,1000,radial_profile_bin,,,,,,,,
ResNet,256,256,1,fixed-val128,0.298611111111,6.87784095496e-05,0.000125771085676,3.9772309453e-06,1000,radial_profile_bin,,,,,,,,
ResNet,256,256,1,fixed-val128,0.3125,3.89722688496e-05,7.26019587291e-05,2.29587552174e-06,1000,radial_profile_bin,,,,,,,,
ResNet,256,256,1,fixed-val128,0.326388888889,4.66307011522e-05,0.000101004965717,3.19405746652e-06,1000,radial_profile_bin,,,,,,,,
ResNet,256,256,1,fixed-val128,0.340277777778,4.59890504725e-05,9.8473900162e-05,3.11401814592e-06,1000,radial_profile_bin,,,,,,,,
ResNet,256,256,1,fixed-val128,0.354166666667,3.57272721544e-05,8.66870064801e-05,2.74128384019e-06,1000,radial_profile_bin,,,,,,,,
ResNet,256,256,1,fixed-val128,0.368055555556,2.01966494222e-05,4.73467142646e-05,1.49723456801e-06,1000,radial_profile_bin,,,,,,,,
ResNet,256,256,1,fixed-val128,0.381944444444,3.4534572635e-05,8.45760349598e-05,2.67452905939e-06,1000,radial_profile_bin,,,,,,,,
ResNet,256,256,1,fixed-val128,0.395833333333,2.84225732516e-05,7.74863689435e-05,2.45033413478e-06,1000,radial_profile_bin,,,,,,,,
ResNet,256,256,1,fixed-val128,0.409722222222,2.6726645987e-05,7.27453401788e-05,2.30040964129e-06,1000,radial_profile_bin,,,,,,,,
ResNet,256,256,1,fixed-val128,0.423611111111,2.64604193225e-05,6.72327535253e-05,2.12608634505e-06,1000,radial_profile_bin,,,,,,,,
ResNet,256,256,1,fixed-val128,0.4375,1.46266190798e-05,3.5547229155e-05,1.12410208638e-06,1000,radial_profile_bin,,,,,,,,
ResNet,256,256,1,fixed-val128,0.451388888889,2.22725447068e-05,6.09970698867e-05,1.92889671438e-06,1000,radial_profile_bin,,,,,,,,
ResNet,256,256,1,fixed-val128,0.465277777778,2.08968305464e-05,5.55174063983e-05,1.75561454004e-06,1000,radial_profile_bin,,,,,,,,
ResNet,256,256,1,fixed-val128,0.479166666667,1.92392137894e-05,4.92531599578e-05,1.55752167427e-06,1000,radial_profile_bin,,,,,,,,
ResNet,256,256,1,fixed-val128,0.493055555556,9.97471950085e-06,2.27851671561e-05,7.2053025081e-07,1000,radial_profile_bin,,,,,,,,
ResNet,256,256,1,fixed-val128,0.506944444444,1.6302449348e-05,3.78243278124e-05,1.19611026852e-06,1000,radial_profile_bin,,,,,,,,
ResNet,256,256,1,fixed-val128,0.520833333333,1.49823632142e-05,3.3145928148e-05,1.04816628108e-06,1000,radial_profile_bin,,,,,,,,
ResNet,256,256,1,fixed-val128,0.534722222222,1.36623535359e-05,2.97441034639e-05,9.40591139055e-07,1000,radial_profile_bin,,,,,,,,
ResNet,256,256,1,fixed-val128,0.548611111111,1.24470519402e-05,2.5195584879e-05,7.96754351976e-07,1000,radial_profile_bin,,,,,,,,
ResNet,256,256,1,fixed-val128,0.5625,7.41665129409e-06,1.33252407324e-05,4.21381110845e-07,1000,radial_profile_bin,,,,,,,,
ResNet,256,256,1,fixed-val128,0.576388888889,1.16720083977e-05,2.13368633371e-05,6.74730862689e-07,1000,radial_profile_bin,,,,,,,,
ResNet,256,256,1,fixed-val128,0.590277777778,1.03857098614e-05,1.71489674866e-05,5.42297967779e-07,1000,radial_profile_bin,,,,,,,,
ResNet,256,256,1,fixed-val128,0.604166666667,1.00041261701e-05,1.79370724679e-05,5.67220035539e-07,1000,radial_profile_bin,,,,,,,,
ResNet,256,256,1,fixed-val128,0.618055555556,5.83029261537e-06,9.39843627772e-06,2.97204650816e-07,1000,radial_profile_bin,,,,,,,,
ResNet,256,256,1,fixed-val128,0.631944444444,9.38644892873e-06,1.45850227501e-05,4.61218916157e-07,1000,radial_profile_bin,,,,,,,,
ResNet,256,256,1,fixed-val128,0.645833333333,8.75511842973e-06,1.47211922055e-05,4.65524972425e-07,1000,radial_profile_bin,,,,,,,,
ResNet,256,256,1,fixed-val128,0.659722222222,8.93984371808e-06,1.42977791001e-05,4.52135474381e-07,1000,radial_profile_bin,,,,,,,,
ResNet,256,256,1,fixed-val128,0.673611111111,8.16811139026e-06,1.39816926702e-05,4.42139943823e-07,1000,radial_profile_bin,,,,,,,,
ResNet,256,256,1,fixed-val128,0.6875,4.64569864653e-06,7.90831653835e-06,2.50082927188e-07,1000,radial_profile_bin,,,,,,,,
ResNet,256,256,1,fixed-val128,0.701388888889,7.52940742564e-06,1.2708559955e-05,4.01879952385e-07,1000,radial_profile_bin,,,,,,,,
ResNet,256,256,1,fixed-val128,0.715277777778,7.55159996094e-06,1.26935884283e-05,4.01406511142e-07,1000,radial_profile_bin,,,,,,,,
ResNet,256,256,1,fixed-val128,0.729166666667,7.067789351e-06,1.23299081624e-05,3.89905931339e-07,1000,radial_profile_bin,,,,,,,,
ResNet,256,256,1,fixed-val128,0.743055555556,4.12424489762e-06,6.87248462949e-06,2.17327046137e-07,1000,radial_profile_bin,,,,,,,,
ResNet,256,256,1,fixed-val128,0.756944444444,7.3279434622e-06,1.26899015743e-05,4.01289922582e-07,1000,radial_profile_bin,,,,,,,,
ResNet,256,256,1,fixed-val128,0.770833333333,7.14817081526e-06,1.23518054691e-05,3.90598384976e-07,1000,radial_profile_bin,,,,,,,,
ResNet,256,256,1,fixed-val128,0.784722222222,6.55597411304e-06,1.20248550658e-05,3.80259305414e-07,1000,radial_profile_bin,,,,,,,,
ResNet,256,256,1,fixed-val128,0.798611111111,6.66498720595e-06,1.1155961155e-05,3.52782467382e-07,1000,radial_profile_bin,,,,,,,,
ResNet,256,256,1,fixed-val128,0.8125,3.97986471321e-06,6.3965223514e-06,2.02275797346e-07,1000,radial_profile_bin,,,,,,,,
ResNet,256,256,1,fixed-val128,0.826388888889,6.23579351279e-06,1.08439269547e-05,3.42915079574e-07,1000,radial_profile_bin,,,,,,,,
ResNet,256,256,1,fixed-val128,0.840277777778,6.15442670006e-06,1.01047630993e-05,3.19540666103e-07,1000,radial_profile_bin,,,,,,,,
ResNet,256,256,1,fixed-val128,0.854166666667,5.56545502327e-06,9.65722382909e-06,3.0538823174e-07,1000,radial_profile_bin,,,,,,,,
ResNet,256,256,1,fixed-val128,0.868055555556,3.42030920152e-06,5.50277612119e-06,1.74013059969e-07,1000,radial_profile_bin,,,,,,,,
ResNet,256,256,1,fixed-val128,0.881944444444,5.62071135839e-06,9.46886054685e-06,2.99431661745e-07,1000,radial_profile_bin,,,,,,,,
ResNet,256,256,1,fixed-val128,0.895833333333,5.2093066507e-06,9.02912937561e-06,2.85526141153e-07,1000,radial_profile_bin,,,,,,,,
ResNet,256,256,1,fixed-val128,0.909722222222,5.20223344376e-06,8.74847182234e-06,2.76650970044e-07,1000,radial_profile_bin,,,,,,,,
ResNet,256,256,1,fixed-val128,0.923611111111,4.8661426201e-06,8.18093268831e-06,2.58703806796e-07,1000,radial_profile_bin,,,,,,,,
ResNet,256,256,1,fixed-val128,0.9375,3.03046210672e-06,4.74146977283e-06,1.4993843939e-07,1000,radial_profile_bin,,,,,,,,
ResNet,256,256,1,fixed-val128,0.951388888889,4.85172380824e-06,8.18763679837e-06,2.58915809371e-07,1000,radial_profile_bin,,,,,,,,
ResNet,256,256,1,fixed-val128,0.965277777778,4.68940454472e-06,7.99176870073e-06,2.52721916276e-07,1000,radial_profile_bin,,,,,,,,
ResNet,256,256,1,fixed-val128,0.979166666667,4.66440905661e-06,7.91154267418e-06,2.5018494656e-07,1000,radial_profile_bin,,,,,,,,
ResNet,256,256,1,fixed-val128,0.993055555556,3.41174890434e-06,4.66746629884e-06,1.47598244064e-07,1000,radial_profile_bin,,,,,,,,
Corrected standard FNO,32,256,1,,,,,,1000,integrated_frequency_band,low,0.0,0.2,0.00816684303409,0.0082877212083,0.985414787591,72.0,mean-removed target spectral energy in retained circular Nyquist range
Corrected standard FNO,32,256,1,,,,,,1000,integrated_frequency_band,intermediate,0.2,0.85,0.000108891057752,0.0082877212083,0.0131388417896,72.0,mean-removed target spectral energy in retained circular Nyquist range
Corrected standard FNO,32,256,1,,,,,,1000,integrated_frequency_band,near-Nyquist,0.85,1.0,1.1987116457e-05,0.0082877212083,0.00144637061935,72.0,mean-removed target spectral energy in retained circular Nyquist range
Corrected standard FNO,64,256,1,,,,,,1000,integrated_frequency_band,low,0.0,0.2,0.00501074112619,0.00507234037646,0.987855852389,72.0,mean-removed target spectral energy in retained circular Nyquist range
Corrected standard FNO,64,256,1,,,,,,1000,integrated_frequency_band,intermediate,0.2,0.85,5.03032327778e-05,0.00507234037646,0.00991716427613,72.0,mean-removed target spectral energy in retained circular Nyquist range
Corrected standard FNO,64,256,1,,,,,,1000,integrated_frequency_band,near-Nyquist,0.85,1.0,1.12960174873e-05,0.00507234037646,0.0022269833349,72.0,mean-removed target spectral energy in retained circular Nyquist range
Corrected standard FNO,128,256,1,,,,,,1000,integrated_frequency_band,low,0.0,0.2,0.00493585531808,0.00497673291569,0.991786258516,72.0,mean-removed target spectral energy in retained circular Nyquist range
Corrected standard FNO,128,256,1,,,,,,1000,integrated_frequency_band,intermediate,0.2,0.85,2.99555559414e-05,0.00497673291569,0.00601912066588,72.0,mean-removed target spectral energy in retained circular Nyquist range
Corrected standard FNO,128,256,1,,,,,,1000,integrated_frequency_band,near-Nyquist,0.85,1.0,1.09220416632e-05,0.00497673291569,0.00219462081816,72.0,mean-removed target spectral energy in retained circular Nyquist range
Corrected standard FNO,256,256,1,,,,,,1000,integrated_frequency_band,low,0.0,0.2,0.00497290849383,0.00501193945587,0.992212403526,72.0,mean-removed target spectral energy in retained circular Nyquist range
Corrected standard FNO,256,256,1,,,,,,1000,integrated_frequency_band,intermediate,0.2,0.85,2.87224189964e-05,0.00501193945587,0.00573079927429,72.0,mean-removed target spectral energy in retained circular Nyquist range
Corrected standard FNO,256,256,1,,,,,,1000,integrated_frequency_band,near-Nyquist,0.85,1.0,1.03085430358e-05,0.00501193945587,0.00205679719928,72.0,mean-removed target spectral energy in retained circular Nyquist range
ResNet,32,256,1,,,,,,1000,integrated_frequency_band,low,0.0,0.2,3.33513926854,3.41482422672,0.976664989794,72.0,mean-removed target spectral energy in retained circular Nyquist range
ResNet,32,256,1,,,,,,1000,integrated_frequency_band,intermediate,0.2,0.85,0.0765043597007,3.41482422672,0.0224036010703,72.0,mean-removed target spectral energy in retained circular Nyquist range
ResNet,32,256,1,,,,,,1000,integrated_frequency_band,near-Nyquist,0.85,1.0,0.0031805984817,3.41482422672,0.000931409135737,72.0,mean-removed target spectral energy in retained circular Nyquist range
ResNet,64,256,1,,,,,,1000,integrated_frequency_band,low,0.0,0.2,0.827869347472,0.828883158158,0.998776895542,72.0,mean-removed target spectral energy in retained circular Nyquist range
ResNet,64,256,1,,,,,,1000,integrated_frequency_band,intermediate,0.2,0.85,0.000929452247318,0.828883158158,0.00112133083918,72.0,mean-removed target spectral energy in retained circular Nyquist range
ResNet,64,256,1,,,,,,1000,integrated_frequency_band,near-Nyquist,0.85,1.0,8.43584386975e-05,0.828883158158,0.000101773618956,72.0,mean-removed target spectral energy in retained circular Nyquist range
ResNet,128,256,1,,,,,,1000,integrated_frequency_band,low,0.0,0.2,0.330192354793,0.330805241232,0.998147289211,72.0,mean-removed target spectral energy in retained circular Nyquist range
ResNet,128,256,1,,,,,,1000,integrated_frequency_band,intermediate,0.2,0.85,0.000595292358727,0.330805241232,0.0017995251723,72.0,mean-removed target spectral energy in retained circular Nyquist range
ResNet,128,256,1,,,,,,1000,integrated_frequency_band,near-Nyquist,0.85,1.0,1.7594080742e-05,0.330805241232,5.31856166378e-05,72.0,mean-removed target spectral energy in retained circular Nyquist range
ResNet,256,256,1,,,,,,1000,integrated_frequency_band,low,0.0,0.2,0.0867293817574,0.0883587312876,0.98155983561,72.0,mean-removed target spectral energy in retained circular Nyquist range
ResNet,256,256,1,,,,,,1000,integrated_frequency_band,intermediate,0.2,0.85,0.0015788176235,0.0883587312876,0.017868269502,72.0,mean-removed target spectral energy in retained circular Nyquist range
ResNet,256,256,1,,,,,,1000,integrated_frequency_band,near-Nyquist,0.85,1.0,5.05319067184e-05,0.0883587312876,0.000571894887828,72.0,mean-removed target spectral energy in retained circular Nyquist range
U-Net,32,256,1,,,,,,1000,integrated_frequency_band,low,0.0,0.2,10.8230434917,10.8503159468,0.997486482866,72.0,mean-removed target spectral energy in retained circular Nyquist range
U-Net,32,256,1,,,,,,1000,integrated_frequency_band,intermediate,0.2,0.85,0.0271439757685,10.8503159468,0.00250167607115,72.0,mean-removed target spectral energy in retained circular Nyquist range
U-Net,32,256,1,,,,,,1000,integrated_frequency_band,near-Nyquist,0.85,1.0,0.000128479273262,10.8503159468,1.18410628679e-05,72.0,mean-removed target spectral energy in retained circular Nyquist range
U-Net,64,256,1,,,,,,1000,integrated_frequency_band,low,0.0,0.2,8.02820095683,8.03330481964,0.999364662125,72.0,mean-removed target spectral energy in retained circular Nyquist range
U-Net,64,256,1,,,,,,1000,integrated_frequency_band,intermediate,0.2,0.85,0.00460014089889,8.03330481964,0.000572633679683,72.0,mean-removed target spectral energy in retained circular Nyquist range
U-Net,64,256,1,,,,,,1000,integrated_frequency_band,near-Nyquist,0.85,1.0,0.000503721914509,8.03330481964,6.27041953242e-05,72.0,mean-removed target spectral energy in retained circular Nyquist range
U-Net,128,256,1,,,,,,1000,integrated_frequency_band,low,0.0,0.2,1.89701393336,1.89834296476,0.999299899215,72.0,mean-removed target spectral energy in retained circular Nyquist range
U-Net,128,256,1,,,,,,1000,integrated_frequency_band,intermediate,0.2,0.85,0.00109652197817,1.89834296476,0.000577620587286,72.0,mean-removed target spectral energy in retained circular Nyquist range
U-Net,128,256,1,,,,,,1000,integrated_frequency_band,near-Nyquist,0.85,1.0,0.000232509422029,1.89834296476,0.000122480197912,72.0,mean-removed target spectral energy in retained circular Nyquist range
U-Net,256,256,1,,,,,,1000,integrated_frequency_band,low,0.0,0.2,0.193943468794,0.197387892439,0.982549975064,72.0,mean-removed target spectral energy in retained circular Nyquist range
U-Net,256,256,1,,,,,,1000,integrated_frequency_band,intermediate,0.2,0.85,0.00299804130717,0.197387892439,0.0151885775268,72.0,mean-removed target spectral energy in retained circular Nyquist range
U-Net,256,256,1,,,,,,1000,integrated_frequency_band,near-Nyquist,0.85,1.0,0.000446382337941,0.197387892439,0.00226144740908,72.0,mean-removed target spectral energy in retained circular Nyquist range
